Start Time (Seconds),End Time (Seconds),Duration (Seconds),Component,Energy Consumption (Joule)
0,38.911,38.911,screen dark,5.4567541248
0,38.911,38.911,wifi running,0.077510712
0,38.911,38.911,audio,6.20085696
0.0,101.87019800001872,101.87019800001872,core 0 cpu_idle start,0.7873506855342246
101.87019800001872,102.16307800001232,0.2928799999936018,core 0 cpu_idle,0.0022636578047505484
102.16307800001232,102.16315400000894,7.599999662488699e-05,core 0 cpu_frequency,3.0278398655354977e-05
102.16315400000894,102.94169000000693,0.7785359999979846,core 0 cpu_idle,0.006017273602544422
102.94169000000693,102.94183700000576,0.00014699999883305281,core 0 cpu_frequency,5.8564799535088246e-05
102.94183700000576,103.1861170000193,0.24428000001353212,core 0 cpu_idle,0.001888030348904589
103.1861170000193,103.18616300000576,4.5999986468814313e-05,core 0 cpu_frequency,1.8326394609175624e-05
103.18616300000576,103.23745900001086,0.051296000005095266,core 0 cpu_idle,0.00039646473219938106
103.23745900001086,103.23752400001104,6.500000017695129e-05,core 0 cpu_frequency,2.5896000070497394e-05
103.23752400001104,103.49801800001296,0.2604940000019269,core 0 cpu_idle,0.0020133477062548926
103.49801800001296,103.49868400002015,0.000666000007186085,core 0 cpu_frequency,0.0002653344028629363
103.49868400002015,104.02099000001908,0.5223059999989346,core 0 cpu_idle,0.004036882181751765
104.02099000001908,104.02106000001368,6.999999459367245e-05,core 0 cpu_frequency,2.7887997846119107e-05
104.02106000001368,104.29890400001022,0.2778439999965485,core 0 cpu_idle,0.0021474451622133235
104.29890400001022,104.29894000000786,3.599999763537198e-05,core 0 cpu_frequency,1.0326527321711183e-05
104.29894000000786,104.57145300001139,0.27251300000352785,core 0 cpu_idle,0.002106242076507266
104.57145300001139,104.57157100000768,0.00011799999629147351,core 0 cpu_frequency,4.701119852252305e-05
104.57157100000768,104.81930700001249,0.24773600000480656,core 0 cpu_idle,0.0019147416345971495
104.81930700001249,104.81936200000928,5.499999679159373e-05,core 0 cpu_frequency,2.1911998721770944e-05
104.81936200000928,105.33626000001095,0.5168980000016745,core 0 cpu_idle,0.003995083966092942
105.33626000001095,105.33642200000759,0.00016199999663513154,core 0 cpu_frequency,6.454079865943641e-05
105.33642200000759,105.63579900001059,0.2993770000030054,core 0 cpu_idle,0.002313872857943228
105.63579900001059,105.63601700001163,0.00021800000104121864,core 0 cpu_frequency,8.685120041482151e-05
105.63601700001163,105.8659120000084,0.229894999996759,core 0 cpu_idle,0.0017768492591749502
105.8659120000084,105.86623100000725,0.0003189999988535419,core 0 cpu_frequency,0.0001270895995432511
105.86623100000725,106.17121800001769,0.304987000010442,core 0 cpu_idle,0.0023572323236007056
106.17121800001769,106.17137800001365,0.00015999999595806003,core 0 cpu_frequency,6.374399838969111e-05
106.17137800001365,106.63262500001292,0.46124699999927543,core 0 cpu_idle,0.0035649596131143995
106.63262500001292,106.63267700001597,5.200000305194408e-05,core 0 cpu_frequency,2.0716801215894523e-05
106.63267700001597,107.22238300001482,0.5897059999988414,core 0 cpu_idle,0.004557814085751045
107.22238300001482,107.22369100000651,0.0013079999916953966,core 0 cpu_frequency,0.000521107196691446
107.22369100000651,107.69948400001158,0.4757930000050692,core 0 cpu_idle,0.0036773850653191793
107.69948400001158,107.69954100000905,5.699999746866524e-05,core 0 cpu_frequency,2.2708798991516236e-05
107.69954100000905,108.03502200001094,0.3354810000018915,core 0 cpu_idle,0.002592919229774619
108.03502200001094,108.03531400000793,0.0002919999969890341,core 0 cpu_frequency,0.00011633279880043121
108.03531400000793,108.21334300001035,0.17802900000242516,core 0 cpu_idle,0.0013759790198587438
108.21334300001035,108.21337400001357,3.100000321865082e-05,core 0 cpu_frequency,1.2350401282310486e-05
108.21337400001357,108.27884700000868,0.0654729999951087,core 0 cpu_idle,0.0005060381980421953
108.27884700000868,108.27926200001093,0.000415000002249144,core 0 cpu_frequency,0.000165336000896059
108.27926200001093,109.33886300001177,1.0596010000008391,core 0 cpu_idle,0.008189613744966484
109.33886300001177,109.33887400000822,1.09999964479357e-05,core 0 cpu_frequency,3.1553269810974596e-06
109.33887400000822,109.49184900001273,0.15297500000451691,core 0 cpu_idle,0.001182337656034911
109.49184900001273,109.49195900000632,0.00010999999358318746,core 0 cpu_frequency,4.382399744354189e-05
109.49195900000632,109.89143800000602,0.39947899999970105,core 0 cpu_idle,0.003087557211837689
109.89143800000602,109.89416100001836,0.0027230000123381615,core 0 cpu_frequency,0.000781087107539177
109.89416100001836,110.41938100001425,0.5252199999958975,core 0 cpu_idle,0.004059404371168291
110.41938100001425,110.42113100001006,0.0017499999958090484,core 0 cpu_frequency,0.0006971999983303249
110.42113100001006,110.94721100000606,0.526079999996,core 0 cpu_idle,0.0040660512767690836
110.94721100000606,110.94931800001359,0.002107000007526949,core 0 cpu_frequency,0.0008394288029987365
110.94931800001359,111.24331300001359,0.29399499999999534,core 0 cpu_idle,0.002272275595199964
111.24331300001359,111.2437220000138,0.0004090000002179295,core 0 cpu_frequency,0.00016294560008682312
111.2437220000138,111.49144300000626,0.24772099999245256,core 0 cpu_idle,0.001914625700101666
111.49144300000626,111.4928840000066,0.001441000000340864,core 0 cpu_frequency,0.0005740944001358003
111.4928840000066,111.7718400000158,0.2789560000092024,core 0 cpu_idle,0.002156039765831125
111.7718400000158,111.77246600000944,0.0006259999936446548,core 0 cpu_frequency,0.00024939839746803045
111.77246600000944,112.01875700001256,0.24629100000311155,core 0 cpu_idle,0.0019035732873840488
112.01875700001256,112.01881000000867,5.299999611452222e-05,core 0 cpu_frequency,1.520294288545847e-05
112.01881000000867,112.31786400001147,0.2990540000027977,core 0 cpu_idle,0.002311376403861623
112.31786400001147,112.31792000001587,5.60000044060871e-05,core 0 cpu_frequency,2.2310401755385102e-05
112.31792000001587,112.59616500000993,0.27824499999405816,core 0 cpu_idle,0.0021505444751540757
112.59616500000993,112.60424500000954,0.008079999999608845,core 0 cpu_frequency,0.003219071999844164
112.60424500000954,113.64517400001932,1.0409290000097826,core 0 cpu_idle,0.008045298603915608
113.64517400001932,113.64527700001781,0.00010299999848939478,core 0 cpu_frequency,4.103519939817489e-05
113.64527700001781,113.90448500000639,0.25920799998857547,core 0 cpu_idle,0.0020034082635917
113.90448500000639,113.90506400000595,0.0005789999995613471,core 0 cpu_frequency,0.0002306735998252407
113.90506400000595,114.19161500001792,0.2865510000119684,core 0 cpu_idle,0.0022147412170525032
114.19161500001792,114.2009570000082,0.009341999990283512,core 0 cpu_frequency,0.0037218527961289513
114.2009570000082,114.66497500000696,0.4640179999987595,core 0 cpu_idle,0.0035863765612704117
114.66497500000696,114.66527700000734,0.0003020000003743917,core 0 cpu_frequency,0.00012031680014915766
114.66527700000734,114.9708770000143,0.30560000000696164,core 0 cpu_idle,0.0023619701760538058
114.9708770000143,114.97099800001888,0.00012100000458303839,core 0 cpu_frequency,4.8206401825882496e-05
114.97099800001888,115.51338700001361,0.5423889999947278,core 0 cpu_idle,0.004192102885399251
115.51338700001361,115.51351700001396,0.00013000000035390258,core 0 cpu_frequency,5.179200014099479e-05
115.51351700001396,116.04281900000933,0.5293019999953685,core 0 cpu_idle,0.004090953985884203
116.04281900000933,116.04349700000603,0.0006779999966965988,core 0 cpu_frequency,0.00027011519868392497
116.04349700000603,116.28480100001616,0.24130400001013186,core 0 cpu_idle,0.0018650289639183086
116.28480100001616,116.284908000016,0.00010699999984353781,core 0 cpu_frequency,4.2628799937665464e-05
116.284908000016,116.80554600001778,0.5206380000017816,core 0 cpu_idle,0.00402399027649377
116.80554600001778,116.80557200001203,2.5999994250014424e-05,core 0 cpu_frequency,1.0358397709205748e-05
116.80557200001203,117.28852800001914,0.4829560000071069,core 0 cpu_idle,0.003732747605814929
117.28852800001914,117.28864900000917,0.00012099999003112316,core 0 cpu_frequency,4.820639602839947e-05
117.28864900000917,117.33416300000681,0.045513999997638166,core 0 cpu_idle,0.00035177588542174544
117.33416300000681,117.33419800001138,3.500000457279384e-05,core 0 cpu_frequency,1.3944001821801067e-05
117.33419800001138,117.61292800001684,0.2787300000054529,core 0 cpu_idle,0.002154293020842145
117.61292800001684,117.61477300000843,0.0018449999915901572,core 0 cpu_frequency,0.0005292345575876534
117.61477300000843,118.17241300000751,0.5576399999990826,core 0 cpu_idle,0.004309977254392909
118.17241300000751,118.17246300000988,5.0000002374872565e-05,core 0 cpu_frequency,1.992000094614923e-05
118.17246300000988,118.38525700001628,0.21279400000639725,core 0 cpu_idle,0.001644676314289444
118.38525700001628,118.38638200001151,0.0011249999952269718,core 0 cpu_frequency,0.0004481999980984256
118.38638200001151,118.42025800001284,0.033876000001328066,core 0 cpu_idle,0.00026182624897026454
118.42025800001284,118.42031200001657,5.400000372901559e-05,core 0 cpu_frequency,2.151360148563981e-05
118.42031200001657,118.60909800001536,0.18878599999879953,core 0 cpu_idle,0.0014591194425507214
118.60909800001536,118.6097420000151,0.0006439999997382984,core 0 cpu_frequency,0.00025656959989573807
118.6097420000151,118.91503500001272,0.3052929999976186,core 0 cpu_idle,0.002359597385261594
118.91503500001272,118.91645400002017,0.0014190000074449927,core 0 cpu_frequency,0.0004070373141355812
118.91645400002017,119.49894900001527,0.5824949999951059,core 0 cpu_idle,0.0045020805551621735
119.49894900001527,119.49895900001866,1.0000003385357559e-05,core 0 cpu_frequency,2.868480971083045e-06
119.49895900001866,119.75996500001929,0.26100600000063423,core 0 cpu_idle,0.002017304933764902
119.75996500001929,119.76018100001966,0.00021600000036414713,core 0 cpu_frequency,8.605440014507623e-05
119.76018100001966,119.9954270000162,0.23524599999655038,core 0 cpu_idle,0.0018182069241333377
119.9954270000162,119.99592200001644,0.000495000000228174,core 0 cpu_frequency,0.00019720800009090454
119.99592200001644,120.58809000001929,0.5921680000028573,core 0 cpu_idle,0.004576842785302083
120.58809000001929,120.58817300001101,8.299999171867967e-05,core 0 cpu_frequency,2.3808381624519823e-05
120.58817300001101,121.00663200001873,0.4184590000077151,core 0 cpu_idle,0.003234252872699629
121.00663200001873,121.00668000000587,4.7999987145885825e-05,core 0 cpu_frequency,1.9123194878920916e-05
121.00668000000587,121.4043820000079,0.3977020000020275,core 0 cpu_idle,0.00307382284993567
121.4043820000079,121.40441000001738,2.8000009479001164e-05,core 0 cpu_frequency,1.1155203776434065e-05
121.40441000001738,122.40413200001058,0.9997219999931986,core 0 cpu_idle,0.007726811349067431
122.40413200001058,122.40569200001482,0.001560000004246831,core 0 cpu_frequency,0.0006215040016919375
122.40569200001482,122.72922500001732,0.32353300000249874,core 0 cpu_idle,0.0025005736156993126
122.72922500001732,122.72949700000754,0.000271999990218319,core 0 cpu_frequency,7.802265319414437e-05
122.72949700000754,123.21994800001266,0.4904510000051232,core 0 cpu_idle,0.0037906761609995967
123.21994800001266,123.22018100001151,0.00023299999884329736,core 0 cpu_frequency,9.282719953916968e-05
123.22018100001151,123.77136800001608,0.5511870000045747,core 0 cpu_idle,0.004260102275555357
123.77136800001608,123.77148300001863,0.00011500000255182385,core 0 cpu_frequency,4.581600101664663e-05
123.77148300001863,124.27563700001338,0.5041539999947418,core 0 cpu_idle,0.003896586099799359
124.27563700001338,124.27594600000884,0.00030899999546818435,core 0 cpu_frequency,0.00012310559819452466
124.27594600000884,124.58644600001571,0.3105000000068685,core 0 cpu_idle,0.0023998420800530862
124.58644600001571,124.58649600001809,5.0000002374872565e-05,core 0 cpu_frequency,1.992000094614923e-05
124.58649600001809,124.8522550000198,0.26575900000170805,core 0 cpu_idle,0.0020540406806532014
124.8522550000198,124.85233200000948,7.699998968746513e-05,core 0 cpu_frequency,2.2087293041869996e-05
124.85233200000948,125.3404000000155,0.4880680000060238,core 0 cpu_idle,0.0037722580493265573
125.3404000000155,125.34045600001991,5.60000044060871e-05,core 0 cpu_frequency,2.2310401755385102e-05
125.34045600001991,125.64214700000593,0.3016909999860218,core 0 cpu_idle,0.0023317576712519627
125.64214700000593,125.64224700001068,0.00010000000474974513,core 0 cpu_frequency,3.984000189229846e-05
125.64224700001068,125.90925400001288,0.2670070000021951,core 0 cpu_idle,0.002063686422736966
125.90925400001288,125.90956900001038,0.0003149999974993989,core 0 cpu_frequency,8.031743936240672e-05
125.90956900001038,126.65038900001673,0.7408200000063516,core 0 cpu_idle,0.0057257681472490905
126.65038900001673,126.65058800001862,0.0001990000018849969,core 0 cpu_frequency,5.7082752540707585e-05
126.65058800001862,126.92877700000827,0.2781889999896521,core 0 cpu_idle,0.002150111653360021
126.92877700000827,126.92886300000828,8.600000001024455e-05,core 0 cpu_frequency,3.426240000408143e-05
126.92886300000828,127.24116700001468,0.31230400000640657,core 0 cpu_idle,0.0024137851238895157
127.24116700001468,127.24859500001185,0.00742799999716226,core 0 cpu_frequency,0.0029593151988694445
127.24859500001185,127.42613900001743,0.17754400000558235,core 0 cpu_idle,0.0013722304742831456
127.42613900001743,127.50699500001792,0.08085600000049453,core 0 cpu_frequency,0.032213030400197025
127.50699500001792,128.0365340000135,0.529538999995566,core 0 cpu_idle,0.004092785749405729
128.0365340000135,128.03687400001218,0.00033999999868683517,core 0 cpu_frequency,0.00013545599947683515
128.03687400001218,128.5760080000182,0.5391340000060154,core 0 cpu_idle,0.004166945120686492
128.5760080000182,128.57606300001498,5.499999679159373e-05,core 0 cpu_frequency,2.1911998721770944e-05
128.57606300001498,128.82544400001643,0.24938100000144914,core 0 cpu_idle,0.0019274557737712001
128.82544400001643,128.825508000009,6.399999256245792e-05,core 0 cpu_frequency,2.5497597036883236e-05
128.825508000009,129.61821400001645,0.7927060000074562,core 0 cpu_idle,0.006126792965817628
129.61821400001645,129.61833500000648,0.00012099999003112316,core 0 cpu_frequency,4.820639602839947e-05
129.61833500000648,129.88420000001497,0.265865000008489,core 0 cpu_idle,0.0020548599504656108
129.88420000001497,129.88425500001176,5.499999679159373e-05,core 0 cpu_frequency,2.1911998721770944e-05
129.88425500001176,130.3887820000091,0.5045269999973243,core 0 cpu_idle,0.0038994690018993193
130.3887820000091,130.38880900001095,2.7000001864507794e-05,core 0 cpu_frequency,1.0756800742819905e-05
130.38880900001095,130.67086900000868,0.2820599999977276,core 0 cpu_idle,0.0021800304575824363
130.67086900000868,130.67087200001697,3.000008291564882e-06,core 0 cpu_frequency,1.195203303359449e-06
130.67087200001697,130.97287700000743,0.3020049999904586,core 0 cpu_idle,0.0023341845647262545
130.97287700000743,130.97394900000654,0.0010719999991124496,core 0 cpu_frequency,0.0004270847996463999
130.97394900000654,131.23477000001003,0.26082100000348873,core 0 cpu_idle,0.002015875076186964
131.23477000001003,131.23520500001905,0.00043500000901985914,core 0 cpu_frequency,0.0001733040035935119
131.23520500001905,131.4327850000118,0.19757999999274034,core 0 cpu_idle,0.00152708791674389
131.4327850000118,131.43288400000893,9.899999713525176e-05,core 0 cpu_frequency,3.9441598858684305e-05
131.43288400000893,131.77196200001345,0.3390780000045197,core 0 cpu_idle,0.0026207202989149323
131.77196200001345,131.77326200001698,0.0013000000035390258,core 0 cpu_frequency,0.000517920001409948
131.77326200001698,132.03011700001662,0.2568549999996321,core 0 cpu_idle,0.0019852220207971566
132.03011700001662,132.03030200001376,0.0001849999971454963,core 0 cpu_frequency,7.370399886276573e-05
132.03030200001376,132.5442990000156,0.5139970000018366,core 0 cpu_idle,0.003972662253134194
132.5442990000156,132.54431800001475,1.8999999156221747e-05,core 0 cpu_frequency,7.569599663838744e-06
0.0,101.87040900001011,101.87040900001011,core 1 cpu_idle start,0.787352316344718
101.87040900001011,102.16310200000589,0.29269299999577925,core 1 cpu_idle,0.002262212489247378
102.16310200000589,102.16320800001267,0.00010600000678095967,core 1 cpu_frequency,4.223040270153434e-05
102.16320800001267,102.94170500001928,0.7784970000066096,core 1 cpu_idle,0.006016972173171085
102.94170500001928,102.9425290000072,0.0008239999879151583,core 1 cpu_frequency,0.0003282815951853991
102.9425290000072,103.1861290000088,0.24360000000160653,core 1 cpu_idle,0.0018827746560124165
103.1861290000088,103.18853200001467,0.002403000005870126,core 1 cpu_frequency,0.0009573552023386583
103.18853200001467,103.23747500001627,0.04894300000160001,core 1 cpu_idle,0.0003782784892923664
103.23747500001627,103.23769800001173,0.0002229999954579398,core 1 cpu_frequency,8.884319819044323e-05
103.23769800001173,103.4980320000177,0.26033400000596885,core 1 cpu_idle,0.0020121110726861327
103.4980320000177,103.50076800001261,0.0027359999949112535,core 1 cpu_frequency,0.0010900223979726435
103.50076800001261,104.02100600000995,0.5202379999973346,core 1 cpu_idle,0.004020898692459398
104.02100600000995,104.0210880000086,8.199999865610152e-05,core 1 cpu_frequency,3.266879946459085e-05
104.0210880000086,104.29892800001835,0.2778400000097463,core 1 cpu_idle,0.0021474142464753283
104.29892800001835,104.29923100001179,0.0003029999934369698,core 1 cpu_frequency,8.691494211740792e-05
104.29923100001179,104.5714690000168,0.27223800000501797,core 1 cpu_idle,0.0021041166125187836
104.5714690000168,104.5722250000108,0.0007559999939985573,core 1 cpu_frequency,0.00030119039760902525
104.5722250000108,104.81932100001723,0.2470960000064224,core 1 cpu_idle,0.0019097951002096383
104.81932100001723,104.82282600001781,0.0035050000005867332,core 1 cpu_frequency,0.0013963920002337546
104.82282600001781,105.33627600001637,0.5134499999985565,core 1 cpu_idle,0.003968434511988843
105.33627600001637,105.33749900001567,0.0012229999992996454,core 1 cpu_frequency,0.0004872431997209788
105.33749900001567,105.63581600000907,0.29831699999340344,core 1 cpu_idle,0.002305680160269015
105.63581600000907,105.63639900000999,0.0005830000009154901,core 1 cpu_frequency,0.00023226720036473127
105.63639900000999,105.86592600001313,0.22952700000314508,core 1 cpu_idle,0.001774005001944308
105.86592600001313,105.86600600001111,7.999999797903001e-05,core 1 cpu_frequency,3.187199919484556e-05
105.86600600001111,106.17123200000788,0.3052259999967646,core 1 cpu_idle,0.0023590795449349934
106.17123200000788,106.17285300001095,0.0016210000030696392,core 1 cpu_frequency,0.0006458064012229443
106.17285300001095,106.63264000001072,0.45978699999977835,core 1 cpu_idle,0.0035536753315182864
106.63264000001072,106.63270700001158,6.70000008540228e-05,core 1 cpu_frequency,2.6692800340242686e-05
106.63270700001158,107.22239900002023,0.5896920000086538,core 1 cpu_idle,0.0045577058803868845
107.22239900002023,107.2224000000133,9.999930625781417e-07,core 1 cpu_frequency,3.9839723613113166e-07
107.2224000000133,107.69950200001767,0.4771020000043791,core 1 cpu_idle,0.0036875022739538453
107.69950200001767,107.70210000000952,0.002597999991849065,core 1 cpu_frequency,0.0010350431967526676
107.70210000000952,108.03504200001771,0.3329420000081882,core 1 cpu_idle,0.0025732954003832857
108.03504200001771,108.03514600000926,0.00010399999155197293,core 1 cpu_frequency,4.1433596634306015e-05
108.03514600000926,108.21335500001442,0.17820900000515394,core 1 cpu_idle,0.0013773702326798345
108.21335500001442,108.21354800001427,0.00019299999985378236,core 1 cpu_frequency,7.68911999417469e-05
108.21354800001427,108.27887000000919,0.0653219999949215,core 1 cpu_idle,0.0005048711250807484
108.27887000000919,108.27945100000943,0.0005810000002384186,core 1 cpu_frequency,0.00023147040009498598
108.27945100000943,109.33888600001228,1.0594350000028498,core 1 cpu_idle,0.008188330737622025
109.33888600001228,109.33898600001703,0.00010000000474974513,core 1 cpu_frequency,2.868480136245489e-05
109.33898600001703,109.49186200000986,0.15287599999282975,core 1 cpu_idle,0.0011815724889045812
109.49186200000986,109.49231300000974,0.000450999999884516,core 1 cpu_frequency,0.0001796783999539912
109.49231300000974,109.89146500000788,0.3991519999981392,core 1 cpu_idle,0.0030850298419056177
109.89146500000788,109.89158700002008,0.00012200001219753176,core 1 cpu_frequency,3.4995459498837586e-05
109.89158700002008,110.41939700001967,0.5278099999995902,core 1 cpu_idle,0.004079422377596832
110.41939700001967,110.41979400001583,0.0003969999961555004,core 1 cpu_frequency,0.00015816479846835139
110.41979400001583,110.94723100001283,0.5274369999970077,core 1 cpu_idle,0.004076539475496872
110.94723100001283,110.94731700001284,8.600000001024455e-05,core 1 cpu_frequency,3.426240000408143e-05
110.94731700001284,111.2433330000058,0.29601599999296013,core 1 cpu_idle,0.002287895823305589
111.2433330000058,111.24447000001965,0.001137000013841316,core 1 cpu_frequency,0.00045298080551438037
111.24447000001965,111.49146000001929,0.24698999999964144,core 1 cpu_idle,0.0019089758303972284
111.49146000001929,111.49276800001098,0.0013079999916953966,core 1 cpu_frequency,0.000521107196691446
111.49276800001098,111.77185400000599,0.2790859999950044,core 1 cpu_idle,0.002157044530521389
111.77185400000599,111.77290300001914,0.001049000013154,core 1 cpu_frequency,0.00041792160524055366
111.77290300001914,112.01877500001865,0.24587199999950826,core 1 cpu_idle,0.0019003348531161993
112.01877500001865,112.01942700000654,0.0006519999878946692,core 1 cpu_frequency,0.00018702489252761005
112.01942700000654,112.31787900000927,0.298452000002726,core 1 cpu_idle,0.002306723569941069
112.31787900000927,112.31807000000845,0.00019099999917671084,core 1 cpu_frequency,7.609439967200161e-05
112.31807000000845,112.59618000000773,0.27810999999928754,core 1 cpu_idle,0.0021495010655944932
112.59618000000773,112.59740400001465,0.0012240000069141388,core 1 cpu_frequency,0.00048764160275459296
112.59740400001465,113.64518900001713,1.0477850000024773,core 1 cpu_idle,0.008098288353619146
113.64518900001713,113.64526600000681,7.699998968746513e-05,core 1 cpu_frequency,3.067679589148611e-05
113.64526600000681,113.90450500001316,0.25923900000634603,core 1 cpu_idle,0.002003647861489048
113.90450500001316,113.90686200001801,0.0023570000048493966,core 1 cpu_frequency,0.0009390288019319997
113.90686200001801,114.19163100000878,0.2847689999907743,core 1 cpu_idle,0.0022009682101686947
114.19163100000878,114.19203100001323,0.0004000000044470653,core 1 cpu_frequency,0.00015936000177171084
114.19203100001323,114.66499500001373,0.472964000000502,core 1 cpu_idle,0.0036555198374438793
114.66499500001373,114.66550700001244,0.0005119999987073243,core 1 cpu_frequency,0.00020398079948499802
114.66550700001244,114.97089300001971,0.30538600000727456,core 1 cpu_idle,0.0023603161786162246
114.97089300001971,114.97104200001922,0.00014899999951012433,core 1 cpu_frequency,5.936159980483354e-05
114.97104200001922,115.51340200001141,0.5423599999921862,core 1 cpu_idle,0.004191878745539607
115.51340200001141,115.51355900001363,0.00015700000221841037,core 1 cpu_frequency,6.25488008838147e-05
115.51355900001363,116.04283400000713,0.529274999993504,core 1 cpu_idle,0.004090745303949792
116.04283400000713,116.04346300000907,0.0006290000019362196,core 1 cpu_frequency,0.0002505936007713899
116.04346300000907,116.28481300002022,0.2413500000111526,core 1 cpu_idle,0.0018653844960861976
116.28481300002022,116.28566400001,0.0008509999897796661,core 1 cpu_frequency,0.000339038395928219
116.28566400001,116.80556000000797,0.5198959999979706,core 1 cpu_idle,0.0040182553881443145
116.80556000000797,116.80713900001138,0.0015790000034030527,core 1 cpu_frequency,0.0006290736013557762
116.80713900001138,117.28854100001627,0.4814020000048913,core 1 cpu_idle,0.003720736801957804
117.28854100001627,117.28877100000682,0.00022999999055173248,core 1 cpu_frequency,9.163199623581023e-05
117.28877100000682,117.33418000001984,0.045409000013023615,core 1 cpu_idle,0.000350964344740659
117.33418000001984,117.33418000001984,0.0,core 1 cpu_frequency,0.0
117.33418000001984,117.61294800000906,0.2787679999892134,core 1 cpu_idle,0.0021545867211966306
117.61294800000906,117.61343800001487,0.0004900000058114529,core 1 cpu_frequency,0.00014055552166700362
117.61343800001487,118.17242700001225,0.558988999997382,core 1 cpu_idle,0.004320403621419766
118.17242700001225,118.17243300001428,6.000002031214535e-06,core 1 cpu_frequency,2.390400809235871e-06
118.17243300001428,118.38527400001476,0.21284100000048056,core 1 cpu_idle,0.001645039575363714
118.38527400001476,118.38556700001936,0.0002930000046035275,core 1 cpu_frequency,0.00011673120183404536
118.38556700001936,118.42027300001064,0.03470599999127444,core 1 cpu_idle,0.00026824128569256044
118.42027300001064,118.42034000001149,6.70000008540228e-05,core 1 cpu_frequency,2.6692800340242686e-05
118.42034000001149,118.6091120000201,0.18877200000861194,core 1 cpu_idle,0.0014590112371865613
118.6091120000201,118.60917400001199,6.199999188538641e-05,core 1 cpu_frequency,2.470079676713795e-05
118.60917400001199,118.91505800001323,0.3058840000012424,core 1 cpu_idle,0.002364165200649602
118.91505800001323,118.91552200001024,0.0004639999970095232,core 1 cpu_frequency,0.0001330974711421877
118.91552200001024,119.49896800001443,0.5834460000041872,core 1 cpu_idle,0.004509430796192362
119.49896800001443,119.49916200000735,0.0001939999929163605,core 1 cpu_frequency,5.564850996807217e-05
119.49916200000735,119.7599800000171,0.2608180000097491,core 1 cpu_idle,0.00201585188935535
119.7599800000171,119.76053900000989,0.000558999992790632,core 1 cpu_frequency,0.0002227055971277878
119.76053900000989,119.99544600001536,0.23490700000547804,core 1 cpu_idle,0.0018155868067623393
119.99544600001536,119.99582600001304,0.0003799999976763502,core 1 cpu_frequency,0.00015139199907425794
119.99582600001304,120.58811200001219,0.5922859999991488,core 1 cpu_idle,0.00457775480255342
120.58811200001219,120.58857300001546,0.00046100000326987356,core 1 cpu_frequency,0.00013223692893795668
120.58857300001546,121.00664400000824,0.4180709999927785,core 1 cpu_idle,0.003231254036104185
121.00664400000824,121.00876300001983,0.002119000011589378,core 1 cpu_frequency,0.0008442096046172084
121.00876300001983,121.40440200001467,0.3956389999948442,core 1 cpu_idle,0.003057878005400151
121.40440200001467,121.40548100000888,0.0010789999942062423,core 1 cpu_frequency,0.00042987359769176695
121.40548100000888,122.40414900000906,0.9986680000001797,core 1 cpu_idle,0.0077186650252813885
122.40414900000906,122.40522600001714,0.001077000008081086,core 1 cpu_frequency,0.0004290768032195047
122.40522600001714,122.72924100000819,0.32401499999105,core 1 cpu_idle,0.0025042989743308255
122.72924100000819,122.72950300000957,0.00026200000138487667,core 1 cpu_frequency,7.51541763972491e-05
122.72950300000957,123.21996000001673,0.4904570000071544,core 1 cpu_idle,0.003790722534775296
123.21996000001673,123.22502700000769,0.0050669999909587204,core 1 cpu_frequency,0.0020186927963979544
123.22502700000769,123.77138300001388,0.5463560000061989,core 1 cpu_idle,0.0042227636698079106
123.77138300001388,123.77148100001796,9.800000407267362e-05,core 1 cpu_frequency,3.904320162255317e-05
123.77148100001796,124.27565300001879,0.5041720000008354,core 1 cpu_idle,0.0038967252211264563
124.27565300001879,124.27573700001813,8.399999933317304e-05,core 1 cpu_frequency,3.346559973433614e-05
124.27573700001813,124.58645800001977,0.3107210000016494,core 1 cpu_idle,0.0024015501801727475
124.58645800001977,124.58870800001023,0.0022499999904539436,core 1 cpu_frequency,0.0008963999961968512
124.58870800001023,124.85227300001134,0.2635650000011083,core 1 cpu_idle,0.0020370833424085658
124.85227300001134,124.85441900001024,0.0021459999989019707,core 1 cpu_frequency,0.0006155758076850325
124.85441900001024,125.34041600000637,0.4859969999961322,core 1 cpu_idle,0.0037562513730901056
125.34041600000637,125.34070600001724,0.00029000001086387783,core 1 cpu_frequency,0.00011553600432816894
125.34070600001724,125.64216000001761,0.30145400000037625,core 1 cpu_idle,0.0023299259078429077
125.64216000001761,125.64575500001956,0.003595000001951121,core 1 cpu_frequency,0.0014322480007773267
125.64575500001956,125.90928300001542,0.2635279999958584,core 1 cpu_idle,0.0020367973708479894
125.90928300001542,125.9102530000091,0.0009699999936856329,core 1 cpu_frequency,0.00024732671838998793
125.9102530000091,126.65040600001521,0.740153000006103,core 1 cpu_idle,0.005720612930927169
126.65040600001521,126.65050100001099,9.499999578110874e-05,core 1 cpu_frequency,2.7250558789819478e-05
126.65050100001099,126.92879000001994,0.27828900000895374,core 1 cpu_idle,0.002150884549509203
126.92879000001994,126.9288540000125,6.399999256245792e-05,core 1 cpu_frequency,2.5497597036883236e-05
126.9288540000125,127.24118800001452,0.3123340000020107,core 1 cpu_idle,0.0024140169926555404
127.24118800001452,127.24166600001627,0.0004780000017490238,core 1 cpu_frequency,0.0001904352006968111
127.24166600001627,127.42615700000897,0.18449099999270402,core 1 cpu_idle,0.0014259235593036095
127.42615700000897,127.50744300000952,0.08128600000054576,core 1 cpu_frequency,0.03238434240021743
127.50744300000952,128.03655100001197,0.5291080000024522,core 1 cpu_idle,0.004089454567698952
128.03655100001197,128.0368160000071,0.0002649999951245263,core 1 cpu_frequency,0.00010557599805761129
128.0368160000071,128.57602400000906,0.5392080000019632,core 1 cpu_idle,0.004167517063695173
128.57602400000906,128.5775050000084,0.001480999999330379,core 1 cpu_frequency,0.000590030399733223
128.5775050000084,128.82545900001423,0.24795400000584777,core 1 cpu_idle,0.001916426547885197
128.82545900001423,128.8256520000141,0.00019299999985378236,core 1 cpu_frequency,7.68911999417469e-05
128.8256520000141,129.61823400000867,0.7925819999945816,core 1 cpu_idle,0.00612583457467812
129.61823400000867,129.61856500001159,0.000331000002915971,core 1 cpu_frequency,0.00013187040116172284
129.61856500001159,129.8842140000197,0.26564900000812486,core 1 cpu_idle,0.0020531904951027963
129.8842140000197,129.88451500001247,0.0003009999927598983,core 1 cpu_frequency,0.00011991839711554349
129.88451500001247,130.38879900000757,0.5042839999950957,core 1 cpu_idle,0.003897590864602094
130.38879900000757,130.3890580000152,0.000259000007645227,core 1 cpu_frequency,0.00010318560304585846
130.3890580000152,130.67088600000716,0.28182799999194685,core 1 cpu_idle,0.0021782373388177572
130.67088600000716,130.67096700001275,8.100000559352338e-05,core 1 cpu_frequency,3.227040222845972e-05
130.67096700001275,130.9729050000169,0.3019380000041565,core 1 cpu_idle,0.002333666724512125
130.9729050000169,130.9734240000107,0.0005189999938011169,core 1 cpu_frequency,0.00020676959753036502
130.9734240000107,131.23478500000783,0.26136099999712314,core 1 cpu_idle,0.002020048714537765
131.23478500000783,131.23518700001296,0.0004020000051241368,core 1 cpu_frequency,0.00016015680204145612
131.23518700001296,131.4328000000096,0.19761299999663606,core 1 cpu_idle,0.001527342972454
131.4328000000096,131.43293300001824,0.00013300000864546746,core 1 cpu_frequency,5.298720344435424e-05
131.43293300001824,131.7719880000077,0.33905499998945743,core 1 cpu_idle,0.0026205425327185164
131.7719880000077,131.7722480000084,0.00026000000070780516,core 1 cpu_frequency,0.00010358400028198958
131.7722480000084,132.03013200001442,0.2578840000060154,core 1 cpu_idle,0.0019931751206864927
132.03013200001442,132.030242000008,0.00010999999358318746,core 1 cpu_frequency,4.382399744354189e-05
132.030242000008,132.5443140000134,0.5140720000053989,core 1 cpu_idle,0.003973241925161727
132.5443140000134,132.5443290000112,1.4999997802078724e-05,core 1 cpu_frequency,5.975999124348164e-06
0.0,101.87028900001314,101.87028900001314,core 2 cpu_idle start,0.7873513888695415
101.87028900001314,102.16310900001554,0.2928200000023935,core 2 cpu_idle,0.002263194067218499
102.16310900001554,102.16636800002016,0.0032590000046184286,core 2 cpu_frequency,0.0012983856018399821
102.16636800002016,102.9417100000137,0.7753419999935431,core 2 cpu_idle,0.005992587304270094
102.9417100000137,102.94176300000981,5.299999611452222e-05,core 2 cpu_frequency,2.1115198452025653e-05
102.94176300000981,103.18613400001777,0.24437100000795908,core 2 cpu_idle,0.0018887336842215152
103.18613400001777,103.18618200001947,4.8000001697801054e-05,core 2 cpu_frequency,1.912320067640394e-05
103.18618200001947,103.23748000001069,0.05129799999122042,core 2 cpu_idle,0.00039648019001214295
103.23748000001069,103.23755300001358,7.300000288523734e-05,core 2 cpu_frequency,2.9083201149478556e-05
103.23755300001358,103.49803800001973,0.26048500000615604,core 2 cpu_idle,0.00201327814564758
103.49803800001973,103.49825600000622,0.0002179999864893034,core 2 cpu_frequency,8.685119461733848e-05
103.49825600000622,104.02101200001198,0.5227560000057565,core 2 cpu_idle,0.004040360213804491
104.02101200001198,104.02126000000862,0.0002479999966453761,core 2 cpu_frequency,9.880319866351784e-05
104.02126000000862,104.2989360000065,0.2776759999978822,core 2 cpu_idle,0.002146146696943631
104.2989360000065,104.29972700001963,0.0007910000131232664,core 2 cpu_frequency,0.0002268967717643827
104.29972700001963,104.57147400001122,0.271746999991592,core 2 cpu_idle,0.002100321693055015
104.57147400001122,104.57261900001322,0.001145000001997687,core 2 cpu_frequency,0.0004561680007958785
104.57261900001322,104.81932600001164,0.24670699999842327,core 2 cpu_idle,0.0019067885347078134
104.81932600001164,104.81936900001892,4.300000728107989e-05,core 2 cpu_frequency,1.7131202900782228e-05
104.81936900001892,105.33628100001079,0.5169119999918621,core 2 cpu_idle,0.003995192171457102
105.33628100001079,105.3363600000157,7.900000491645187e-05,core 2 cpu_frequency,3.147360195871443e-05
105.3363600000157,105.63582100001804,0.29946100000233855,core 2 cpu_idle,0.0023145220905780744
105.63582100001804,105.63678300000902,0.0009619999909773469,core 2 cpu_frequency,0.00038326079640537504
105.63678300000902,105.86593200001516,0.2291490000061458,core 2 cpu_idle,0.0017710834550875004
105.86593200001516,105.86597100000654,3.8999991375021636e-05,core 2 cpu_frequency,1.553759656380862e-05
105.86597100000654,106.17123800000991,0.3052670000033686,core 2 cpu_idle,0.0023593964323460354
106.17123800000991,106.17163200001232,0.00039400000241585076,core 2 cpu_frequency,0.00015696960096247495
106.17163200001232,106.63264600001276,0.46101400000043213,core 2 cpu_idle,0.0035631587654433397
106.63264600001276,106.63307200001145,0.0004259999986970797,core 2 cpu_frequency,0.00016971839948091657
106.63307200001145,107.22240500000771,0.5893329999962589,core 2 cpu_idle,0.004554931183651085
107.22240500000771,107.22808600001736,0.005681000009644777,core 2 cpu_frequency,0.002263310403842479
107.22808600001736,107.69950700001209,0.4714209999947343,core 2 cpu_idle,0.003643594052119301
107.69950700001209,107.69951800000854,1.09999964479357e-05,core 2 cpu_frequency,4.382398584857583e-06
107.69951800000854,108.03504800001974,0.3355300000112038,core 2 cpu_idle,0.0025932979488865935
108.03504800001974,108.04430000000866,0.009251999988919124,core 2 cpu_frequency,0.0036859967955853792
108.04430000000866,108.21336000000883,0.1690600000001723,core 2 cpu_idle,0.0013066579776013316
108.21336000000883,108.21341100001882,5.1000009989365935e-05,core 2 cpu_frequency,2.031840397976339e-05
108.21341100001882,108.27887600001122,0.06546499999240041,core 2 cpu_idle,0.000505976366341263
108.27887600001122,108.27898300001107,0.00010699999984353781,core 2 cpu_frequency,4.2628799937665464e-05
108.27898300001107,109.33889300000737,1.0599099999963073,core 2 cpu_idle,0.008192001993571459
109.33889300000737,109.3389730000199,8.000001253094524e-05,core 2 cpu_frequency,2.294784359447658e-05
109.3389730000199,109.49186700001883,0.1528939999989234,core 2 cpu_idle,0.0011817116102316788
109.49186700001883,109.49232100001245,0.00045399999362416565,core 2 cpu_frequency,0.00018087359745986762
109.49232100001245,109.89147300001059,0.3991519999981392,core 2 cpu_idle,0.0030850298419056177
109.89147300001059,109.89308700001857,0.0016140000079758465,core 2 cpu_frequency,0.0004629726742878556
109.89308700001857,110.41940300000715,0.5263159999885829,core 2 cpu_idle,0.004067875311271757
110.41940300000715,110.41967300001124,0.0002700000040931627,core 2 cpu_frequency,0.00010756800163071604
110.41967300001124,110.94723600000725,0.5275629999960074,core 2 cpu_idle,0.004077513324449141
110.94723600000725,110.94805400000769,0.000818000000435859,core 2 cpu_frequency,0.00032589120017364624
110.94805400000769,111.24333900000784,0.295285000000149,core 2 cpu_idle,0.0022822459536011516
111.24333900000784,111.24340000000666,6.0999998822808266e-05,core 2 cpu_frequency,2.4302399531006815e-05
111.24340000000666,111.49146600000677,0.24806600000010803,core 2 cpu_idle,0.0019172921913608349
111.49146600000677,111.49169000000984,0.00022400000307243317,core 2 cpu_frequency,8.924160122405738e-05
111.49169000000984,111.77185900001496,0.2801690000051167,core 2 cpu_idle,0.0021654149942795463
111.77185900001496,111.77305600002,0.001197000005049631,core 2 cpu_frequency,0.00047688480201177303
111.77305600002,112.0187830000068,0.24572699998680037,core 2 cpu_idle,0.0018992141538179803
112.0187830000068,112.01978600001894,0.0010030000121332705,core 2 cpu_frequency,0.00028770854748040435
112.01978600001894,112.31788400001824,0.29809799999929965,core 2 cpu_idle,0.0023039875180745867
112.31788400001824,112.31803300001775,0.00014899999951012433,core 2 cpu_frequency,5.936159980483354e-05
112.31803300001775,112.5961850000167,0.2781519999989541,core 2 cpu_idle,0.0021498256819119164
112.5961850000167,112.59619600001315,1.09999964479357e-05,core 2 cpu_frequency,4.382398584857583e-06
112.59619600001315,113.64519500001916,1.048999000006006,core 2 cpu_idle,0.00810767131108642
113.64519500001916,113.64525000001595,5.499999679159373e-05,core 2 cpu_frequency,2.1911998721770944e-05
113.64525000001595,113.90451000000758,0.2592599999916274,core 2 cpu_idle,0.0020038101695352886
113.90451000000758,113.90457800001604,6.800000846851617e-05,core 2 cpu_frequency,2.7091203373856843e-05
113.90457800001604,114.19163600001775,0.2870580000017071,core 2 cpu_idle,0.002218659799693194
114.19163600001775,114.19173700001556,0.00010099999781232327,core 2 cpu_frequency,4.02383991284296e-05
114.19173700001556,114.66500100001576,0.4732640000001993,core 2 cpu_idle,0.00365783852544154
114.66500100001576,114.66640800001915,0.0014070000033825636,core 2 cpu_frequency,0.0005605488013476134
114.66640800001915,114.97089800001413,0.30448999999498483,core 2 cpu_idle,0.0023533910303612376
114.97089800001413,114.97113100001297,0.00023299999884329736,core 2 cpu_frequency,9.282719953916968e-05
114.97113100001297,115.51340700000583,0.542275999992853,core 2 cpu_idle,0.004191229512904761
115.51340700000583,115.51360400000704,0.00019700000120792538,core 2 cpu_frequency,7.848480048123748e-05
115.51360400000704,116.0428390000161,0.5292350000090664,core 2 cpu_idle,0.0040904361456700735
116.0428390000161,116.06977000001643,0.02693100000033155,core 2 cpu_frequency,0.010729310400132091
116.06977000001643,116.28481800001464,0.21504799999820534,core 2 cpu_idle,0.0016620973900661289
116.28481800001464,116.28487100001075,5.299999611452222e-05,core 2 cpu_frequency,2.1115198452025653e-05
116.28487100001075,116.80556600001,0.5206949999992503,core 2 cpu_idle,0.004024430827194205
116.80556600001,116.80648300000757,0.0009169999975711107,core 2 cpu_frequency,0.00036533279903233054
116.80648300000757,117.28854600001068,0.48206300000310875,core 2 cpu_idle,0.003725845644504027
117.28854600001068,117.28870800000732,0.00016199999663513154,core 2 cpu_frequency,6.454079865943641e-05
117.28870800000732,117.33418500001426,0.045477000006940216,core 2 cpu_idle,0.0003514899139736406
117.33418500001426,117.33534500001406,0.0011599999997997656,core 2 cpu_frequency,0.0004621439999202267
117.33534500001406,117.61295600001176,0.2776109999977052,core 2 cpu_idle,0.0021456443145422637
117.61295600001176,117.61375500001304,0.0007990000012796372,core 2 cpu_frequency,0.00022919155236706136
117.61375500001304,118.17243200000667,0.5586769999936223,core 2 cpu_idle,0.0043179921858707065
118.17243200000667,118.17249000001175,5.800000508315861e-05,core 2 cpu_frequency,2.3107202025130394e-05
118.17249000001175,118.38527900000918,0.21278899999742862,core 2 cpu_idle,0.0016446376694201257
118.38527900000918,118.38542200000666,0.0001429999974789098,core 2 cpu_frequency,5.697119899559766e-05
118.38542200000666,118.42027800001961,0.03485600001295097,core 2 cpu_idle,0.0002694006298600975
118.42027800001961,118.42070700001204,0.00042899999243672937,core 2 cpu_frequency,0.000170913596986793
118.42070700001204,118.60911700001452,0.18841000000247732,core 2 cpu_idle,0.001456213353619147
118.60911700001452,118.60918400001538,6.70000008540228e-05,core 2 cpu_frequency,2.6692800340242686e-05
118.60918400001538,118.91506600001594,0.3058820000005653,core 2 cpu_idle,0.002364149742724369
118.91506600001594,118.91683200001717,0.0017660000012256205,core 2 cpu_frequency,0.0005065735683515667
118.91683200001717,119.4989770000102,0.5821449999930337,core 2 cpu_idle,0.004499375419146157
119.4989770000102,119.49907400000666,9.699999645818025e-05,core 2 cpu_frequency,2.7824254984036086e-05
119.49907400000666,119.75998600001913,0.2609120000124676,core 2 cpu_idle,0.0020165784116163614
119.75998600001913,119.76011900001322,0.00013299999409355223,core 2 cpu_frequency,5.298719764687121e-05
119.76011900001322,119.99545100000978,0.23533199999656063,core 2 cpu_idle,0.001818871614693417
119.99545100000978,119.99910000001546,0.0036490000056801364,core 2 cpu_frequency,0.0014537616022629665
119.99910000001546,120.5881200000149,0.5890199999994365,core 2 cpu_idle,0.004552512019195645
120.5881200000149,120.58871100001852,0.0005910000036237761,core 2 cpu_frequency,0.00016952716903947292
120.58871100001852,121.0066490000172,0.417937999998685,core 2 cpu_idle,0.0032302260844698357
121.0066490000172,121.00670500000706,5.599998985417187e-05,core 2 cpu_frequency,2.2310395957902074e-05
121.00670500000706,121.4044080000167,0.397703000009642,core 2 cpu_idle,0.003073830578954522
121.4044080000167,121.40448300002026,7.500000356230885e-05,core 2 cpu_frequency,2.9880001419223847e-05
121.40448300002026,122.40415500001109,0.9996719999908237,core 2 cpu_idle,0.007726424901049076
122.40415500001109,122.40431500000705,0.00015999999595806003,core 2 cpu_frequency,6.374399838969111e-05
122.40431500000705,122.7292490000109,0.3249340000038501,core 2 cpu_idle,0.002511401888669757
122.7292490000109,122.72932500000752,7.599999662488699e-05,core 2 cpu_frequency,2.1800447031855582e-05
122.72932500000752,123.21996500001114,0.49064000000362284,core 2 cpu_idle,0.0037921369344280005
123.21996500001114,123.22005200001877,8.700000762473792e-05,core 2 cpu_frequency,3.466080303769559e-05
123.22005200001877,123.77138900001592,0.5513369999971474,core 2 cpu_idle,0.004261261619497952
123.77138900001592,123.77240100000927,0.0010119999933522195,core 2 cpu_frequency,0.00040318079735152427
123.77240100000927,124.27565900000627,0.5032579999970039,core 2 cpu_idle,0.0038896609516568433
124.27565900000627,124.27572600000713,6.70000008540228e-05,core 2 cpu_frequency,2.6692800340242686e-05
124.27572600000713,124.58646400000725,0.3107380000001285,core 2 cpu_idle,0.002401681572480993
124.58646400000725,124.58653500000946,7.100000220816582e-05,core 2 cpu_frequency,2.8286400879733268e-05
124.58653500000946,124.85228100001405,0.26574600000458304,core 2 cpu_idle,0.002053940204195422
124.85228100001405,124.85230100000626,1.999999221879989e-05,core 2 cpu_frequency,5.7369577679783104e-06
124.85230100000626,125.34042100001534,0.48812000000907574,core 2 cpu_idle,0.003772659955270146
125.34042100001534,125.34048900000926,6.799999391660094e-05,core 2 cpu_frequency,2.709119757637382e-05
125.34048900000926,125.64216500001203,0.3016760000027716,core 2 cpu_idle,0.0023316417369814214
125.64216500001203,125.64273500001582,0.0005700000037904829,core 2 cpu_frequency,0.00022708800151012839
125.64273500001582,125.9092930000188,0.2665580000029877,core 2 cpu_idle,0.0020602161197030913
125.9092930000188,125.91035200000624,0.0010589999874355271,core 2 cpu_frequency,0.00027001958079636096
125.91035200000624,126.65041400001792,0.740062000011676,core 2 cpu_idle,0.005719909595610243
126.65041400001792,126.65054300001066,0.0001289999927394092,core 2 cpu_frequency,3.700338991731405e-05
126.65054300001066,126.92879600000742,0.27825299999676645,core 2 cpu_idle,0.0021506063068550078
126.92879600000742,126.92880000000878,4.0000013541430235e-06,core 2 cpu_frequency,1.5936005394905808e-06
126.92880000000878,127.24119300000893,0.31239300000015646,core 2 cpu_idle,0.002414473001281209
127.24119300000893,127.24153800001659,0.00034500000765547156,core 2 cpu_frequency,0.0001374480030499399
127.24153800001659,127.42616200001794,0.1846240000013495,core 2 cpu_idle,0.00142695151105043
127.42616200001794,127.50655700001516,0.08039499999722466,core 2 cpu_frequency,0.032029367998894304
127.50655700001516,128.036557000014,0.5299999999988358,core 2 cpu_idle,0.004096348799991002
128.036557000014,128.03665700001875,0.00010000000474974513,core 2 cpu_frequency,3.984000189229846e-05
128.03665700001875,128.57602900001802,0.5393719999992754,core 2 cpu_idle,0.0041687846131143996
128.57602900001802,128.57617700000992,0.00014799999189563096,core 2 cpu_frequency,5.896319677121938e-05
128.57617700000992,128.82546700001694,0.24929000000702217,core 2 cpu_idle,0.0019267524384542739
128.82546700001694,128.82558400002017,0.00011700000322889537,core 2 cpu_frequency,4.661280128639192e-05
128.82558400002017,129.61823900001764,0.7926549999974668,core 2 cpu_idle,0.00612639878878042
129.61823900001764,129.6184690000082,0.00022999999055173248,core 2 cpu_frequency,9.163199623581023e-05
129.6184690000082,129.88421900001413,0.2657500000059372,core 2 cpu_idle,0.002053971120045888
129.88421900001413,129.88453400001163,0.0003149999974993989,core 2 cpu_frequency,0.00012549599900376054
129.88453400001163,130.3888060000172,0.5042720000055851,core 2 cpu_idle,0.003897498117163167
130.3888060000172,130.3889060000074,9.99999901978299e-05,core 2 cpu_frequency,3.983999609481544e-05
130.3889060000074,130.67089100001613,0.2819850000087172,core 2 cpu_idle,0.0021794507856673744
130.67089100001613,130.6722090000112,0.0013179999950807542,core 2 cpu_frequency,0.0005250911980401725
130.6722090000112,130.97291000001132,0.30070100000011735,core 2 cpu_idle,0.0023241060009609065
130.97291000001132,130.9743500000186,0.001440000007278286,core 2 cpu_frequency,0.0005736960028996692
130.9743500000186,131.2347900000168,0.2604399999981979,core 2 cpu_idle,0.0020129303423860713
131.2347900000168,131.23484100001224,5.099999543745071e-05,core 2 cpu_frequency,2.031839818228036e-05
131.23484100001224,131.43280500001856,0.19796400000632275,core 2 cpu_idle,0.0015300558374888682
131.43280500001856,131.4328860000096,8.099999104160815e-05,core 2 cpu_frequency,3.227039643097669e-05
131.4328860000096,131.77199400000973,0.33910800000012387,core 2 cpu_idle,0.002620952167680957
131.77199400000973,131.77209000001312,9.600000339560211e-05,core 2 cpu_frequency,3.824640135280788e-05
131.77209000001312,132.03013800001645,0.2580480000033276,core 2 cpu_idle,0.0019944426701057187
132.03013800001645,132.03022600001714,8.800000068731606e-05,core 2 cpu_frequency,3.505920027382672e-05
132.03022600001714,132.54432000001543,0.5140939999982947,core 2 cpu_idle,0.0039734119622268195
132.54432000001543,132.54437800000596,5.7999990531243384e-05,core 2 cpu_frequency,2.3107196227647366e-05
0.0,101.8706010000169,101.8706010000169,core 3 cpu_idle start,0.7873538003050906
101.8706010000169,102.16311400000995,0.29251299999305047,core 3 cpu_idle,0.002260821276426287
102.16311400000995,102.16332000000693,0.00020599999697878957,core 3 cpu_frequency,8.207039879634978e-05
102.16332000000693,102.94171500000812,0.7783950000011828,core 3 cpu_idle,0.006016183819209141
102.94171500000812,102.94178300001658,6.800000846851617e-05,core 3 cpu_frequency,2.7091203373856843e-05
102.94178300001658,103.18613900001219,0.2443559999956051,core 3 cpu_idle,0.0018886177497260317
103.18613900001219,103.18626300001051,0.00012399999832268804,core 3 cpu_frequency,4.940159933175892e-05
103.18626300001051,103.23748500001966,0.05122200000914745,core 3 cpu_idle,0.0003958927891907002
103.23748500001966,103.24449500000628,0.007009999986621551,core 3 cpu_frequency,0.002792783994670026
103.24449500000628,103.49804200000654,0.2535470000002533,core 3 cpu_idle,0.0019596546211219576
103.49804200000654,103.49822000000859,0.00017800000205170363,core 3 cpu_frequency,7.091520081739873e-05
103.49822000000859,104.0210170000064,0.5227969999978086,core 3 cpu_idle,0.004040677101103062
104.0210170000064,104.0211910000071,0.0001740000006975606,core 3 cpu_frequency,6.932160027790815e-05
104.0211910000071,104.29894400000921,0.27775300000212155,core 3 cpu_idle,0.002146741826896397
104.29894400000921,104.30051200001617,0.001568000006955117,core 3 cpu_frequency,0.0004497776659950614
104.30051200001617,104.57147900002019,0.2709670000040205,core 3 cpu_idle,0.0020942931043510743
104.57147900002019,104.57153400001698,5.499999679159373e-05,core 3 cpu_frequency,2.1911998721770944e-05
104.57153400001698,104.81933100000606,0.24779699998907745,core 3 cpu_idle,0.0019152131010355799
104.81933100000606,104.81961600000795,0.00028500000189524144,core 3 cpu_frequency,0.00011354400075506419
104.81961600000795,105.33628600001975,0.5166700000117999,core 3 cpu_idle,0.0039933217632912
105.33628600001975,105.33718000001682,0.000893999997060746,core 3 cpu_frequency,0.00035616959882900124
105.33718000001682,105.63582600001246,0.29864599999564234,core 3 cpu_idle,0.0023082229881263194
105.63582600001246,105.63584300001094,1.6999998479150236e-05,core 3 cpu_frequency,6.772799394093455e-06
105.63584300001094,105.86593700000958,0.230093999998644,core 3 cpu_idle,0.0017783873222295193
105.86593700000958,105.8659380000172,1.00000761449337e-06,core 3 cpu_frequency,3.9840303361415867e-07
105.8659380000172,106.17124300001888,0.30530500000168104,core 3 cpu_idle,0.0023596901328129926
106.17124300001888,106.17166200000793,0.0004189999890513718,core 3 cpu_frequency,0.00016692959563806655
106.17166200000793,106.63265100000717,0.4609889999992447,core 3 cpu_idle,0.003562965541434162
106.63265100000717,106.63289500001702,0.0002440000098431483,core 3 cpu_frequency,9.720960392151029e-05
106.63289500001702,107.22240900000907,0.5895139999920502,core 3 cpu_idle,0.004556330125378556
107.22240900000907,107.22271000001638,0.00030100000731181353,core 3 cpu_frequency,0.00011991840291302652
107.22271000001638,107.69951300001412,0.47680299999774434,core 3 cpu_idle,0.0036851913148625657
107.69951300001412,107.69980100000976,0.0002879999956348911,core 3 cpu_frequency,0.00011473919826094062
107.69980100000976,108.03505300001416,0.33525200000440236,core 3 cpu_idle,0.0025911492979540252
108.03505300001416,108.03627100001904,0.0012180000048829243,core 3 cpu_frequency,0.00048525120194535705
108.03627100001904,108.21336600001086,0.177094999991823,core 3 cpu_idle,0.0013687601711368
108.21336600001086,108.21354000001156,0.0001740000006975606,core 3 cpu_frequency,6.932160027790815e-05
108.21354000001156,108.27888100002019,0.06534100000862963,core 3 cpu_idle,0.000505017975426698
108.27888100002019,108.2789740000153,9.299999510403723e-05,core 3 cpu_frequency,3.705119804944843e-05
108.2789740000153,109.33890100001008,1.0599269999947865,core 3 cpu_idle,0.008192133385879704
109.33890100001008,109.34117700000934,0.0022759999992558733,core 3 cpu_frequency,0.0006528660477865487
109.34117700000934,109.49187200001325,0.1506950000039069,core 3 cpu_idle,0.0011647156272301961
109.49187200001325,109.49210700001277,0.00023499999952036887,core 3 cpu_frequency,9.362399980891496e-05
109.49210700001277,109.8914810000133,0.3993740000005346,core 3 cpu_idle,0.0030867456710441314
109.8914810000133,109.89153400000941,5.299999611452222e-05,core 3 cpu_frequency,1.520294288545847e-05
109.89153400000941,110.41940800001612,0.5278740000067046,core 3 cpu_idle,0.004079917031091819
110.41940800001612,110.41941400001815,6.000002031214535e-06,core 3 cpu_frequency,2.390400809235871e-06
110.41941400001815,110.94724100001622,0.5278269999980694,core 3 cpu_idle,0.004079553769905078
110.94724100001622,110.94740400000592,0.00016299998969770968,core 3 cpu_frequency,6.493919589556755e-05
110.94740400000592,111.2433440000168,0.29594000001088716,core 3 cpu_idle,0.0022873084224841462
111.2433440000168,111.24357400000736,0.00022999999055173248,core 3 cpu_frequency,9.163199623581023e-05
111.24357400000736,111.49147100001574,0.2478970000083791,core 3 cpu_idle,0.0019159859971847617
111.49147100001574,111.4916090000188,0.00013800000306218863,core 3 cpu_frequency,5.4979201219975954e-05
111.4916090000188,111.77186400000937,0.280254999990575,core 3 cpu_idle,0.0021660796847271543
111.77186400000937,111.771940000006,7.599999662488699e-05,core 3 cpu_frequency,3.0278398655354977e-05
111.771940000006,112.01879000001645,0.2468500000104541,core 3 cpu_idle,0.0019078937760807991
112.01879000001645,112.0190860000148,0.00029599999834317714,core 3 cpu_frequency,8.490700752474368e-05
112.0190860000148,112.31788900001266,0.29880299999786075,core 3 cpu_idle,0.0023094364348634658
112.31788900001266,112.31790800001181,1.8999999156221747e-05,core 3 cpu_frequency,7.569599663838744e-06
112.31790800001181,112.59619000001112,0.278281999999308,core 3 cpu_idle,0.0021508304467146517
112.59619000001112,112.59635600000911,0.00016599999798927456,core 3 cpu_frequency,6.6134399198927e-05
112.59635600000911,113.64520000001357,1.0488440000044648,core 3 cpu_idle,0.008106473322274507
113.64520000001357,113.64525500001037,5.499999679159373e-05,core 3 cpu_frequency,2.1911998721770944e-05
113.64525500001037,113.90451500001654,0.2592600000061793,core 3 cpu_idle,0.0020038101696477593
113.90451500001654,113.90526300000784,0.0007479999912902713,core 3 cpu_frequency,0.0002980031965300441
113.90526300000784,114.19164200001978,0.28637900001194794,core 3 cpu_idle,0.002213411835932345
114.19164200001978,114.19187100001727,0.00022899999748915434,core 3 cpu_frequency,9.12335989996791e-05
114.19187100001727,114.66500600001018,0.473134999992908,core 3 cpu_idle,0.0036568414895451857
114.66500600001018,114.66508800000884,8.199999865610152e-05,core 3 cpu_frequency,3.266879946459085e-05
114.66508800000884,114.97090300000855,0.3058149999997113,core 3 cpu_idle,0.002363631902397768
114.97090300000855,114.97106400001212,0.0001610000035725534,core 3 cpu_frequency,6.414240142330528e-05
114.97106400001212,115.5134120000148,0.5423480000026757,core 3 cpu_idle,0.00419178599810068
115.5134120000148,115.51352100001532,0.00010900000052060932,core 3 cpu_frequency,4.3425600207410755e-05
115.51352100001532,116.04284400001052,0.5293229999952018,core 3 cpu_idle,0.004091116294042915
116.04284400001052,116.04313500001444,0.000291000003926456,core 3 cpu_frequency,0.00011593440156430007
116.04313500001444,116.28482300000906,0.24168799999461044,core 3 cpu_idle,0.001867996884438344
116.28482300000906,116.28487300001143,5.0000002374872565e-05,core 3 cpu_frequency,1.992000094614923e-05
116.28487300001143,116.80557200001203,0.5206990000006044,core 3 cpu_idle,0.004024461743044671
116.80557200001203,116.80561600001238,4.400000034365803e-05,core 3 cpu_frequency,1.752960013691336e-05
116.80561600001238,117.28855100001965,0.48293500000727363,core 3 cpu_idle,0.003732585297656217
117.28855100001965,117.28870800000732,0.00015699998766649514,core 3 cpu_frequency,6.254879508633166e-05
117.28870800000732,117.33419000000868,0.04548200000135694,core 3 cpu_idle,0.0003515285587304877
117.33419000000868,117.33424000001105,5.0000002374872565e-05,core 3 cpu_frequency,1.992000094614923e-05
117.33424000001105,117.61296400001447,0.2787240000034217,core 3 cpu_idle,0.002154246647066446
117.61296400001447,117.61312300001737,0.00015900000289548188,core 3 cpu_frequency,4.560883283056319e-05
117.61312300001737,118.17243700001563,0.5593139999982668,core 3 cpu_idle,0.004322915533426603
118.17243700001563,118.17323600001691,0.0007990000012796372,core 3 cpu_frequency,0.0003183216005098075
118.17323600001691,118.38528400001815,0.21204800000123214,core 3 cpu_idle,0.001638910510089523
118.38528400001815,118.38537000001816,8.600000001024455e-05,core 3 cpu_frequency,3.426240000408143e-05
118.38537000001816,118.42028400000709,0.0349139999889303,core 3 cpu_idle,0.0002698489093544427
118.42028400000709,118.42070700001204,0.00042300000495743006,core 3 cpu_frequency,0.00016852320197504014
118.42070700001204,118.60912200000894,0.18841499999689404,core 3 cpu_idle,0.001456251998375994
118.60912200000894,118.61907300000894,0.009951000000000931,core 3 cpu_frequency,0.003964478400000371
118.61907300000894,118.91507400001865,0.29600100000970997,core 3 cpu_idle,0.0022877798890350476
118.91507400001865,118.91552800001227,0.00045399999362416565,core 3 cpu_frequency,0.00013022899017110467
118.91552800001227,119.49898400001985,0.5834560000075726,core 3 cpu_idle,0.004509508085818527
119.49898400001985,119.49924100001226,0.0002569999924162403,core 3 cpu_frequency,7.371993382461368e-05
119.49924100001226,119.75999100001354,0.26075000000128057,core 3 cpu_idle,0.002015326320009897
119.75999100001354,119.76018500000646,0.0001939999929163605,core 3 cpu_frequency,7.728959717787803e-05
119.76018500000646,119.99545600001875,0.23527100001228973,core 3 cpu_idle,0.0018184001482549866
119.99545600001875,119.99695500000962,0.0014989999908721074,core 3 cpu_frequency,0.0005972015963634477
119.99695500000962,120.58812700000999,0.5911720000003697,core 3 cpu_idle,0.004569144741122857
120.58812700000999,120.58821700001135,9.000000136438757e-05,core 3 cpu_frequency,2.5816320391371845e-05
120.58821700001135,121.00665500001924,0.4184380000078818,core 3 cpu_idle,0.0032340905645409177
121.00665500001924,121.00791900001059,0.0012639999913517386,core 3 cpu_frequency,0.0005035775965545327
121.00791900001059,121.40441300001112,0.3964940000005299,core 3 cpu_idle,0.0030644862662440953
121.40441300001112,121.40862800001923,0.004215000008116476,core 3 cpu_frequency,0.0016792560032336042
121.40862800001923,122.40416000002006,0.9955320000008214,core 3 cpu_idle,0.007694427006726348
122.40416000002006,122.4042260000133,6.599999323952943e-05,core 3 cpu_frequency,2.6294397306628528e-05
122.4042260000133,122.7292570000136,0.32503100000030827,core 3 cpu_idle,0.0025121515977623824
122.7292570000136,122.72951500001363,0.00025800000003073364,core 3 cpu_frequency,7.400678400881589e-05
122.72951500001363,123.21997000002011,0.49045500000647735,core 3 cpu_idle,0.0037907070768500627
123.21997000002011,123.22019500001625,0.00022499999613501132,core 3 cpu_frequency,8.963999846018851e-05
123.22019500001625,123.77139500001795,0.5512000000016997,core 3 cpu_idle,0.004260202752013136
123.77139500001795,123.77163400001882,0.0002390000008745119,core 3 cpu_frequency,9.521760034840554e-05
123.77163400001882,124.27566400001524,0.5040299999964191,core 3 cpu_idle,0.0038956277087723225
124.27566400001524,124.2758320000139,0.00016799999866634607,core 3 cpu_frequency,6.693119946867228e-05
124.2758320000139,124.58646800000861,0.3106359999947017,core 3 cpu_idle,0.0024008932185190495
124.58646800000861,124.58652200001234,5.400000372901559e-05,core 3 cpu_frequency,2.151360148563981e-05
124.58652200001234,124.85228900001675,0.26576700000441633,core 3 cpu_idle,0.0020541025123541334
124.85228900001675,124.8524260000122,0.00013699999544769526,core 3 cpu_frequency,3.929817469418049e-05
124.8524260000122,125.3404250000167,0.4879990000044927,core 3 cpu_idle,0.0037717247510747234
125.3404250000167,125.3407070000103,0.00028199999360367656,core 3 cpu_frequency,0.00011234879745170474
125.3407070000103,125.64217000000644,0.3014629999961471,core 3 cpu_idle,0.002329995468450221
125.64217000000644,125.64251600000716,0.0003460000007180497,core 3 cpu_frequency,0.000137846400286071
125.64251600000716,125.90930300000764,0.26678700000047684,core 3 cpu_idle,0.002061986051523685
125.90930300000764,125.90961800001969,0.0003150000120513141,core 3 cpu_frequency,8.031744307279586e-05
125.90961800001969,126.65042200000607,0.7408039999863831,core 3 cpu_idle,0.005725644483734755
126.65042200000607,126.65046400002029,4.200001421850175e-05,core 3 cpu_frequency,1.2047620078548788e-05
126.65046400002029,126.92880100001639,0.2783369999960996,core 3 cpu_idle,0.0021512555394898538
126.92880100001639,126.9292170000117,0.00041599999531172216,core 3 cpu_frequency,0.00016573439813219012
126.9292170000117,127.2411980000179,0.3119810000061989,core 3 cpu_idle,0.0024112886698079107
127.2411980000179,127.24151100001473,0.0003129999968223274,core 3 cpu_frequency,0.00012469919873401523
127.24151100001473,127.42616700001236,0.18465599999763072,core 3 cpu_idle,0.0014271988377416878
127.42616700001236,127.50741900001594,0.08125200000358745,core 3 cpu_frequency,0.03237079680142924
127.50741900001594,128.03656200000842,0.529142999992473,core 3 cpu_idle,0.004089725081221824
128.03656200000842,128.0366350000113,7.300000288523734e-05,core 3 cpu_frequency,2.9083201149478556e-05
128.0366350000113,128.57603400001244,0.5393990000011399,core 3 cpu_idle,0.00416899329504881
128.57603400001244,128.5762270000123,0.00019299999985378236,core 3 cpu_frequency,7.68911999417469e-05
128.5762270000123,128.82547200001136,0.24924499999906402,core 3 cpu_idle,0.0019264046351927656
128.82547200001136,128.82669000001624,0.0012180000048829243,core 3 cpu_frequency,0.00048525120194535705
128.82669000001624,129.61824400001206,0.7915539999958128,core 3 cpu_idle,0.006117889203807636
129.61824400001206,129.6182500000141,6.000002031214535e-06,core 3 cpu_frequency,2.390400809235871e-06
129.6182500000141,129.88422400000854,0.2659739999944577,core 3 cpu_idle,0.0020557024069971634
129.88422400000854,129.88432100001955,9.700001101009548e-05,core 3 cpu_frequency,3.864480438642204e-05
129.88432100001955,130.38881100001163,0.5044899999920744,core 3 cpu_idle,0.0038991830303387433
130.38881100001163,130.38892700000724,0.000115999995614402,core 3 cpu_frequency,4.6214398252777756e-05
130.38892700000724,130.67089600001054,0.2819690000033006,core 3 cpu_idle,0.00217932712226551
130.67089600001054,130.67230900001596,0.0014130000054137781,core 3 cpu_frequency,0.0005629392021568492
130.67230900001596,130.97291600001336,0.3006069999973988,core 3 cpu_idle,0.0023233794786998952
130.97291600001336,130.97302000001946,0.00010400000610388815,core 3 cpu_frequency,4.1433602431789046e-05
130.97302000001946,131.23479500001122,0.2617749999917578,core 3 cpu_idle,0.002023248503936296
131.23479500001122,131.23491900000954,0.00012399999832268804,core 3 cpu_frequency,4.940159933175892e-05
131.23491900000954,131.43281000001298,0.1978910000034375,core 3 cpu_idle,0.0015294916233865683
131.43281000001298,131.4328330000135,2.300000051036477e-05,core 3 cpu_frequency,9.163200203329326e-06
131.4328330000135,131.77199800001108,0.33916499999759253,core 3 cpu_idle,0.0026213927183813923
131.77199800001108,131.77203300001565,3.500000457279384e-05,core 3 cpu_frequency,1.3944001821801067e-05
131.77203300001565,132.03014400001848,0.2581110000028275,core 3 cpu_idle,0.0019949295945818533
132.03014400001848,132.0301720000134,2.7999994927085936e-05,core 3 cpu_frequency,1.1155197978951037e-05
132.0301720000134,132.54432500000985,0.5141529999964405,core 3 cpu_idle,0.0039738679708524885
132.54432500000985,132.54443000000902,0.0001049999991664663,core 3 cpu_frequency,4.183199966792017e-05
0.0,101.87270800000988,101.87270800000988,core 4 cpu_idle start,0.7873700852237563
101.87270800000988,102.16311900001892,0.2904110000090441,core 4 cpu_idle,0.002244575002629901
102.16311900001892,102.16371100001561,0.0005919999966863543,core 4 cpu_frequency,0.00023585279867984355
102.16371100001561,102.94172000001709,0.7780090000014752,core 4 cpu_idle,0.0060132004406514014
102.94172000001709,102.94201600001543,0.00029599999834317714,core 4 cpu_frequency,0.00011792639933992178
102.94201600001543,103.1861440000066,0.2441279999911785,core 4 cpu_idle,0.001886855546811819
103.1861440000066,103.18875700001081,0.0026130000042030588,core 4 cpu_frequency,0.0010410192016744987
103.18875700001081,103.23749100000714,0.04873399999632966,core 4 cpu_idle,0.000376663136611632
103.23749100000714,103.24070700001903,0.003216000011889264,core 4 cpu_frequency,0.0012812544047366829
103.24070700001903,103.4980470000155,0.25733999999647494,core 4 cpu_idle,0.0019889705663727547
103.4980470000155,103.49812600000587,7.899999036453664e-05,core 4 cpu_frequency,3.14735961612314e-05
103.49812600000587,104.02102200001536,0.5228960000094958,core 4 cpu_idle,0.004041442268233392
104.02102200001536,104.026606000014,0.005583999998634681,core 4 cpu_frequency,0.002224665599456057
104.026606000014,104.29895100001886,0.2723450000048615,core 4 cpu_idle,0.002104943611237574
104.29895100001886,104.29899400001159,4.299999272916466e-05,core 4 cpu_frequency,1.2334461914375424e-05
104.29899400001159,104.5714840000146,0.2724900000030175,core 4 cpu_idle,0.002106064310423322
104.5714840000146,104.57227500001318,0.0007909999985713512,core 4 cpu_frequency,0.0003151343994308263
104.57227500001318,104.81933600001503,0.2470610000018496,core 4 cpu_idle,0.0019095245865742953
104.81933600001503,104.82750500000839,0.008168999993358739,core 4 cpu_frequency,0.003254529597354122
104.82750500000839,105.33629100001417,0.5087860000057844,core 4 cpu_idle,0.003932386642604708
105.33629100001417,105.33798100001877,0.0016900000046007335,core 4 cpu_frequency,0.0006732960018329323
105.33798100001877,105.63583000001381,0.2978489999950398,core 4 cpu_idle,0.0023020630070016623
105.63583000001381,105.63589400000637,6.399999256245792e-05,core 4 cpu_frequency,2.5497597036883236e-05
105.63589400000637,105.86594100001093,0.2300470000045607,core 4 cpu_idle,0.001778024061155249
105.86594100001093,105.86626400001114,0.00032300000020768493,core 4 cpu_frequency,0.00012868320008274168
105.86626400001114,106.17124800001329,0.3049840000021504,core 4 cpu_idle,0.0023572091366566203
106.17124800001329,106.1772380000184,0.005990000005112961,core 4 cpu_frequency,0.002386416002037004
106.1772380000184,106.63265500000853,0.45541699999012053,core 4 cpu_idle,0.003519899776243642
106.63265500000853,106.63424600001599,0.0015910000074654818,core 4 cpu_frequency,0.0006338544029742479
106.63424600001599,107.22241400001803,0.5881680000020424,core 4 cpu_idle,0.004545926945295785
107.22241400001803,107.22361500000989,0.0012009999918518588,core 4 cpu_frequency,0.0004784783967537806
107.22361500000989,107.69951800000854,0.4759029999986524,core 4 cpu_idle,0.003678235250869584
107.69951800000854,107.69958800001768,7.000000914558768e-05,core 4 cpu_frequency,2.7888003643602135e-05
107.69958800001768,108.03505800000858,0.33546999999089167,core 4 cpu_idle,0.0025928342111296017
108.03505800000858,108.03570900001796,0.0006510000093840063,core 4 cpu_frequency,0.00025935840373858814
108.03570900001796,108.2133720000129,0.1776629999949364,core 4 cpu_idle,0.0013731502204408635
108.2133720000129,108.2138060000143,0.00043400000140536577,core 4 cpu_frequency,0.00017290560055989774
108.2138060000143,108.27888600001461,0.06508000000030734,core 4 cpu_idle,0.0005030007168023754
108.27888600001461,108.27955200000724,0.0006659999926341698,core 4 cpu_frequency,0.00026533439706545326
108.27955200000724,109.33890900001279,1.0593570000055479,core 4 cpu_idle,0.008187727878762879
109.33890900001279,109.3905400000076,0.051630999994813465,core 4 cpu_frequency,0.014810249086512252
109.3905400000076,109.49187700000766,0.10133700000005774,core 4 cpu_idle,0.0007832296195204462
109.49187700000766,109.49840700000641,0.006529999998747371,core 4 cpu_frequency,0.002601551999500953
109.49840700000641,109.8914880000084,0.39308100000198465,core 4 cpu_idle,0.003038107325775339
109.8914880000084,109.89162000000942,0.0001320000010309741,core 4 cpu_frequency,3.786393629573285e-05
109.89162000000942,110.41941300001054,0.5277930000011111,core 4 cpu_idle,0.004079290985288587
110.41941300001054,110.42330600001151,0.0038930000009713694,core 4 cpu_frequency,0.0015509712003869936
110.42330600001151,110.94724700001825,0.5239410000067437,core 4 cpu_idle,0.004049519031412122
110.94724700001825,110.9474400000181,0.00019299999985378236,core 4 cpu_frequency,7.68911999417469e-05
110.9474400000181,111.24334800001816,0.295908000000054,core 4 cpu_idle,0.002287061095680417
111.24334800001816,111.2451370000199,0.0017890000017359853,core 4 cpu_frequency,0.0007127376006916166
111.2451370000199,111.49147600001015,0.24633899999025743,core 4 cpu_idle,0.0019039442773646999
111.49147600001015,111.49334600001748,0.0018700000073295087,core 4 cpu_frequency,0.0007450080029200763
111.49334600001748,111.77186900001834,0.2785230000008596,core 4 cpu_idle,0.0021526931260866435
111.77186900001834,111.7718960000202,2.7000001864507794e-05,core 4 cpu_frequency,1.0756800742819905e-05
111.7718960000202,112.01879800001916,0.24690199999895412,core 4 cpu_idle,0.0019082956819119162
112.01879800001916,112.01892300001055,0.00012499999138526618,core 4 cpu_frequency,3.5855997528880835e-05
112.01892300001055,112.31789400000707,0.2989709999965271,core 4 cpu_idle,0.0023107349001331577
112.31789400000707,112.31795800001419,6.400000711437315e-05,core 4 cpu_frequency,2.5497602834366264e-05
112.31795800001419,112.59619500002009,0.2782370000059018,core 4 cpu_idle,0.0021504826435656144
112.59619500002009,112.59629400001722,9.899999713525176e-05,core 4 cpu_frequency,3.9441598858684305e-05
112.59629400001722,113.64520500000799,1.0489109999907669,core 4 cpu_idle,0.008106991162488636
113.64520500000799,113.64532500001951,0.00012000001152046025,core 4 cpu_frequency,4.780800458975137e-05
113.64532500001951,113.90452000001096,0.25919499999145046,core 4 cpu_idle,0.0020033077871339207
113.90452000001096,113.90661100001307,0.002091000002110377,core 4 cpu_frequency,0.0008330544008407743
113.90661100001307,114.1916470000142,0.28503600000112783,core 4 cpu_idle,0.002203031842568717
114.1916470000142,114.19359000000986,0.0019429999956628308,core 4 cpu_frequency,0.0007740911982720718
114.19359000000986,114.66501100001915,0.4714210000092862,core 4 cpu_idle,0.0036435940522317723
114.66501100001915,114.67025000001013,0.0052389999909792095,core 4 cpu_frequency,0.0020872175964061174
114.67025000001013,114.97090800001752,0.3006580000073882,core 4 cpu_idle,0.0023237736557371025
114.97090800001752,114.97258000001602,0.00167199999850709,core 4 cpu_frequency,0.0006661247994052247
114.97258000001602,115.51341700000921,0.5408369999931892,core 4 cpu_idle,0.004180107539467359
115.51341700000921,115.51388000001316,0.00046300000394694507,core 4 cpu_frequency,0.00018445920157246292
115.51388000001316,116.04284800001187,0.5289679999987129,core 4 cpu_idle,0.004088372513270051
116.04284800001187,116.04325300001074,0.00040499999886378646,core 4 cpu_frequency,0.00016135199954733255
116.04325300001074,116.28482800001802,0.2415750000072876,core 4 cpu_idle,0.0018671235120563253
116.28482800001802,116.28848700001254,0.0036589999945135787,core 4 cpu_frequency,0.00145774559781421
116.28848700001254,116.80557700000645,0.5170899999939138,core 4 cpu_idle,0.00399656792635296
116.80557700000645,116.80584900001122,0.00027200000477023423,core 4 cpu_frequency,0.00010836480190046132
116.80584900001122,117.28855600001407,0.48270700000284705,core 4 cpu_idle,0.0037308230947420045
117.28855600001407,117.28876400001172,0.00020799999765586108,core 4 cpu_frequency,8.286719906609506e-05
117.28876400001172,117.33419500001764,0.045431000005919486,core 4 cpu_idle,0.0003511343818057514
117.33419500001764,117.33962100000645,0.005425999988801777,core 4 cpu_frequency,0.0021617183955386283
117.33962100000645,117.61297100000957,0.27335000000311993,core 4 cpu_idle,0.0021127112160241137
117.61297100000957,117.6133030000201,0.00033200001053046435,core 4 cpu_frequency,9.523353902064263e-05
117.6133030000201,118.17244200001005,0.5591389999899548,core 4 cpu_idle,0.0043215629653623605
118.17244200001005,118.17270800001279,0.0002660000027390197,core 4 cpu_frequency,0.00010597440109122546
118.17270800001279,118.38528900001256,0.21258099999977276,core 4 cpu_idle,0.0016430300457582435
118.38528900001256,118.38822100001562,0.0029320000030566007,core 4 cpu_frequency,0.0011681088012177499
118.38822100001562,118.42028900001606,0.03206800000043586,core 4 cpu_idle,0.0002478522892833687
118.42028900001606,118.42070900001272,0.0004199999966658652,core 4 cpu_frequency,0.0001673279986716807
118.42070900001272,118.6091270000179,0.1884180000051856,core 4 cpu_idle,0.001456275185320079
118.6091270000179,118.6095300000161,0.00040299999818671495,core 4 cpu_frequency,0.00016055519927758724
118.6095300000161,118.91508100001374,0.30555099999764934,core 4 cpu_idle,0.0023615914569418317
118.91508100001374,118.91630000001169,0.0012189999979455024,core 4 cpu_frequency,0.0003496677114106715
118.91630000001169,119.498992000008,0.5826919999963138,core 4 cpu_idle,0.004503603160291509
119.498992000008,119.50298300001305,0.003991000005044043,core 4 cpu_frequency,0.0011448103694468737
119.50298300001305,119.75999600000796,0.2570129999949131,core 4 cpu_idle,0.0019864431964406837
119.75999600000796,119.76006300000881,6.70000008540228e-05,core 4 cpu_frequency,2.6692800340242686e-05
119.76006300000881,119.99546100001317,0.23539800000435207,core 4 cpu_idle,0.0018193817261136368
119.99546100001317,119.99557700000878,0.000115999995614402,core 4 cpu_frequency,4.6214398252777756e-05
119.99557700000878,120.5881350000127,0.592558000003919,core 4 cpu_idle,0.004579857079710289
120.5881350000127,120.58817800001998,4.300000728107989e-05,core 4 cpu_frequency,1.2334466088563204e-05
120.58817800001998,121.00666100000672,0.4184829999867361,core 4 cpu_idle,0.0032344383675774837
121.00666100000672,121.00981000001775,0.003149000011035241,core 4 cpu_frequency,0.0012545616043964402
121.00981000001775,121.40441800002009,0.39460800000233576,core 4 cpu_idle,0.0030499094476980526
121.40441800002009,121.40452900000673,0.0001109999866457656,core 4 cpu_frequency,4.422239467967302e-05
121.40452900000673,122.40416500001447,0.9996360000077402,core 4 cpu_idle,0.007726146658619823
122.40416500001447,122.4043820000079,0.00021699999342672527,core 4 cpu_frequency,8.645279738120736e-05
122.4043820000079,122.7292640000087,0.32488200000079814,core 4 cpu_idle,0.0025109999827261685
122.7292640000087,122.72933600001852,7.20000098226592e-05,core 4 cpu_frequency,2.0653058817610145e-05
122.72933600001852,123.21997500001453,0.49063899999600835,core 4 cpu_idle,0.0037921292054091484
123.21997500001453,123.22906500000681,0.009089999992283992,core 4 cpu_frequency,0.003621455996925943
123.22906500000681,123.77140000001236,0.5423350000055507,core 4 cpu_idle,0.0041916855216429
123.77140000001236,123.77152800001204,0.00012799999967683107,core 4 cpu_frequency,5.0995199871249504e-05
123.77152800001204,124.2756680000166,0.5041400000045542,core 4 cpu_idle,0.0038964778944351984
124.2756680000166,124.2797300000093,0.004061999992700294,core 4 cpu_frequency,0.0016183007970917971
124.2797300000093,124.58647300001758,0.30674300000828225,core 4 cpu_idle,0.002370804377344013
124.58647300001758,124.58912400002009,0.0026510000025155023,core 4 cpu_frequency,0.001056158401002176
124.58912400002009,124.85229600001185,0.263171999991755,core 4 cpu_idle,0.0020340458610562744
124.85229600001185,124.85288000000583,0.0005839999939780682,core 4 cpu_frequency,0.0001675192302726209
124.85288000000583,125.34043100001873,0.48755100001289975,core 4 cpu_idle,0.003768262177059701
125.34043100001873,125.34070900001097,0.00027799999224953353,core 4 cpu_frequency,0.00011075519691221417
125.34070900001097,125.64217500001541,0.3014660000044387,core 4 cpu_idle,0.002330018655394306
125.64217500001541,125.64801200001966,0.005837000004248694,core 4 cpu_frequency,0.00232546080169268
125.64801200001966,125.90931200001796,0.26129999999830034,core 4 cpu_idle,0.002019577247986863
125.90931200001796,125.91176600001927,0.002454000001307577,core 4 cpu_frequency,0.0006257111043334007
125.91176600001927,126.65042900001572,0.7386629999964498,core 4 cpu_idle,0.00570909678045256
126.65042900001572,126.65044700000726,1.7999991541728377e-05,core 4 cpu_frequency,5.163261573761702e-06
126.65044700000726,126.92880500001775,0.27835800001048483,core 4 cpu_idle,0.0021514178477610364
126.92880500001775,126.92881700000726,1.1999989510513842e-05,core 4 cpu_frequency,4.780795820988715e-06
126.92881700000726,127.24120300001232,0.31238600000506267,core 4 cpu_idle,0.002414418898599129
127.24120300001232,127.24210800000583,0.0009049999935086817,core 4 cpu_frequency,0.0003605519974138588
127.24210800000583,127.42617200000677,0.18406400000094436,core 4 cpu_idle,0.0014226232934472988
127.42617200000677,127.50645700001041,0.08028500000364147,core 4 cpu_frequency,0.03198554400145077
127.50645700001041,128.03656700001738,0.530110000006971,core 4 cpu_idle,0.004097198985653878
128.03656700001738,128.03668700001435,0.00011999999696854502,core 4 cpu_frequency,4.780799879226834e-05
128.03668700001435,128.57603900000686,0.5393519999925047,core 4 cpu_idle,0.004168630033862069
128.57603900000686,128.57637500001874,0.0003360000118846074,core 4 cpu_frequency,0.00013386240473482758
128.57637500001874,128.82547700000578,0.2491019999870332,core 4 cpu_idle,0.0019252993938197798
128.82547700000578,128.8287110000092,0.0032340000034309924,core 4 cpu_frequency,0.0012884256013669074
128.8287110000092,129.61824900000647,0.7895379999972647,core 4 cpu_idle,0.006102307620458858
129.61824900000647,129.61840100001427,0.0001520000078016892,core 4 cpu_frequency,6.0556803108192986e-05
129.61840100001427,129.8842290000175,0.26582800000323914,core 4 cpu_idle,0.002054573978905035
129.8842290000175,129.88471100000606,0.0004819999885512516,core 4 cpu_frequency,0.00019202879543881864
129.88471100000606,130.38881500001298,0.5041040000069188,core 4 cpu_idle,0.0038961996518934745
130.38881500001298,130.38921500001743,0.0004000000044470653,core 4 cpu_frequency,0.00015936000177171084
130.38921500001743,130.6709010000195,0.28168600000208244,core 4 cpu_idle,0.0021771398265760947
130.6709010000195,130.6717980000103,0.0008969999908003956,core 4 cpu_frequency,0.00035736479633487764
130.6717980000103,130.97292100000777,0.3011229999974603,core 4 cpu_idle,0.0023273676220603706
130.97292100000777,130.9743750000198,0.0014540000120177865,core 4 cpu_frequency,0.0005792736047878862
130.9743750000198,131.2348000000202,0.2604250000003958,core 4 cpu_idle,0.0020128144080030588
131.2348000000202,131.23480900001596,8.999995770864189e-06,core 4 cpu_frequency,3.5855983151122932e-06
131.23480900001596,131.4328150000074,0.19800599999143742,core 4 cpu_idle,0.00153038045369382
131.4328150000074,131.43291300001147,9.800000407267362e-05,core 4 cpu_frequency,3.904320162255317e-05
131.43291300001147,131.77200300002005,0.33909000000858214,core 4 cpu_idle,0.002620813046466331
131.77200300002005,131.7730230000161,0.0010199999960605055,core 4 cpu_frequency,0.0004063679984305054
131.7730230000161,132.0301490000129,0.25712599999678787,core 4 cpu_idle,0.0019873165689351735
132.0301490000129,132.03066500001296,0.0005160000000614673,core 4 cpu_frequency,0.00020557440002448858
132.03066500001296,132.54433000001882,0.513665000005858,core 4 cpu_idle,0.003970096238445276
132.54433000001882,132.54510900001333,0.0007789999945089221,core 4 cpu_frequency,0.0003103535978123546
0.0,101.87502800000948,101.87502800000948,core 5 cpu_idle start,0.7873880164109531
101.87502800000948,102.16312400001334,0.28809600000386126,core 5 cpu_idle,0.0022266824601898435
102.16312400001334,102.1636580000195,0.0005340000061551109,core 5 cpu_frequency,0.0002127456024521962
102.1636580000195,102.9417250000115,0.7780669999920065,core 5 cpu_idle,0.0060136487202582176
102.9417250000115,102.94270100000722,0.0009759999957168475,core 5 cpu_frequency,0.0003888383982935921
102.94270100000722,103.18614900001558,0.24344800000835676,core 5 cpu_idle,0.001881599854144589
103.18614900001558,103.18856200001028,0.0024129999947035685,core 5 cpu_frequency,0.0009613391978899018
103.18856200001028,103.23749600001611,0.04893400000582915,core 5 cpu_idle,0.0003782089286850532
103.23749600001611,103.23845500001335,0.0009589999972376972,core 5 cpu_frequency,0.00038206559889949863
103.23845500001335,103.49805200000992,0.2595969999965746,core 5 cpu_idle,0.002006414829093525
103.49805200000992,103.51009200001135,0.012040000001434237,core 5 cpu_frequency,0.0047967360005714
103.51009200001135,104.02102700000978,0.5109349999984261,core 5 cpu_idle,0.003948996177587835
104.02102700000978,104.02750100001867,0.006474000008893199,core 5 cpu_frequency,0.002579241603543051
104.02750100001867,104.29895900000702,0.27145799998834264,core 5 cpu_idle,0.0020980880235899006
104.29895900000702,104.30037400001311,0.0014150000060908496,core 5 cpu_frequency,0.000405889921747148
104.30037400001311,104.57148900000902,0.27111499999591615,core 5 cpu_idle,0.0020954369903684357
104.57148900000902,104.57772400001704,0.006235000008018687,core 5 cpu_frequency,0.002484024003194645
104.57772400001704,104.81934100000944,0.24161699999240227,core 5 cpu_idle,0.0018674481282612773
104.81934100000944,104.82273400001577,0.0033930000063264742,core 5 cpu_frequency,0.0013517712025204675
104.82273400001577,105.33629500001553,0.5135609999997541,core 5 cpu_idle,0.003969292426558099
105.33629500001553,105.34162200000719,0.005326999991666526,core 5 cpu_frequency,0.002122276796679944
105.34162200000719,105.63583600001584,0.29421400000865106,core 5 cpu_idle,0.0022739682375068635
105.63583600001584,105.6358880000189,5.200000305194408e-05,core 5 cpu_frequency,2.0716801215894523e-05
105.6358880000189,105.8659460000199,0.23005800000100862,core 5 cpu_idle,0.0017781090796877954
105.8659460000199,105.8678840000066,0.0019379999866941944,core 5 cpu_frequency,0.0007720991946989671
105.8678840000066,106.17125200001465,0.3033680000080494,core 5 cpu_idle,0.0023447191373422134
106.17125200001465,106.17710000001534,0.005848000000696629,core 5 cpu_frequency,0.0023298432002775375
106.17710000001534,106.6326600000175,0.45556000000215136,core 5 cpu_idle,0.003521005017616627
106.6326600000175,106.63309200001822,0.00043200000072829425,core 5 cpu_frequency,0.00017210880029015245
106.63309200001822,107.22241900001245,0.5893269999942277,core 5 cpu_idle,0.004554884809875385
107.22241900001245,107.22319600000628,0.0007769999938318506,core 5 cpu_frequency,0.0003095567975426093
107.22319600000628,107.6995230000175,0.4763270000112243,core 5 cpu_idle,0.0036815123300067516
107.6995230000175,107.70071300001291,0.001189999995403923,core 5 cpu_frequency,0.000474095998168923
107.70071300001291,108.03506300001754,0.33435000000463333,core 5 cpu_idle,0.0025841777760358107
108.03506300001754,108.03886700001021,0.00380399999266956,core 5 cpu_frequency,0.001515513597079553
108.03886700001021,108.21337700000731,0.17450999999709893,core 5 cpu_idle,0.0013487808095775777
108.21337700000731,108.21457900000678,0.0012019999994663522,core 5 cpu_frequency,0.0004788767997873947
108.21457900000678,108.27889100000903,0.06431200000224635,core 5 cpu_idle,0.0004970648755373619
108.27889100000903,108.27893000001495,3.9000005926936865e-05,core 5 cpu_frequency,1.553760236129165e-05
108.27893000001495,109.3389170000155,1.0599870000005467,core 5 cpu_idle,0.008192597123524225
109.3389170000155,109.33909800001129,0.00018099999579135329,core 5 cpu_frequency,5.19194867927581e-05
109.33909800001129,109.49188200001663,0.1527840000053402,core 5 cpu_idle,0.0011808614246812742
109.49188200001663,109.4982580000069,0.00637599999026861,core 5 cpu_frequency,0.0025401983961230146
109.4982580000069,109.89149500001804,0.3932370000111405,core 5 cpu_idle,0.003039313043606104
109.89149500001804,109.89255100001174,0.0010559999936958775,core 5 cpu_frequency,0.0003029114861916751
109.89255100001174,110.4194180000195,0.5268670000077691,core 5 cpu_idle,0.004072133968380047
110.4194180000195,110.41990000000806,0.0004819999885512516,core 5 cpu_frequency,0.00019202879543881864
110.41990000000806,110.9472510000196,0.5273510000115493,core 5 cpu_idle,0.004075874785049264
110.9472510000196,110.94844300001569,0.0011919999960809946,core 5 cpu_frequency,0.0004748927984386683
110.94844300001569,111.24335300001258,0.2949099999968894,core 5 cpu_idle,0.002279347593575958
111.24335300001258,111.24404700001469,0.0006940000021131709,core 5 cpu_frequency,0.0002764896008418873
111.24404700001469,111.49148100001912,0.24743400000443216,core 5 cpu_idle,0.0019124074886742559
111.49148100001912,111.49380800001381,0.002326999994693324,core 5 cpu_frequency,0.0009270767978858203
111.49380800001381,111.7718730000197,0.2780650000058813,core 5 cpu_idle,0.002149153262445456
111.7718730000197,111.77239500000724,0.0005219999875407666,core 5 cpu_frequency,0.00020796479503624142
111.77239500000724,112.01880500001425,0.24641000000701752,core 5 cpu_idle,0.001904493033654238
112.01880500001425,112.01958400000876,0.0007789999945089221,core 5 cpu_frequency,0.00022345459042489527
112.01958400000876,112.31789900001604,0.2983150000072783,core 5 cpu_idle,0.002305664702456253
112.31789900001604,112.31859000000986,0.000690999993821606,core 5 cpu_frequency,0.00027529439753852785
112.31859000000986,112.59619900000689,0.27760899999702815,core 5 cpu_idle,0.0021456288566170305
112.59619900000689,112.59686100001272,0.000662000005831942,core 5 cpu_frequency,0.0002637408023234457
112.59686100001272,113.64521000001696,1.0483490000042366,core 5 cpu_idle,0.008102647487072744
113.64521000001696,113.65355100001034,0.008340999993379228,core 5 cpu_frequency,0.0033230543973622848
113.65355100001034,113.90452500001993,0.2509740000095917,core 5 cpu_idle,0.0019397680071141336
113.90452500001993,113.90460200000962,7.699998968746513e-05,core 5 cpu_frequency,3.067679589148611e-05
113.90460200000962,114.19165200000862,0.28704999999899883,core 5 cpu_idle,0.0022185979679922615
114.19165200000862,114.19325700000627,0.0016049999976530671,core 5 cpu_frequency,0.000639431999064982
114.19325700000627,114.66501600001357,0.471759000007296,core 5 cpu_idle,0.00364620644069639
114.66501600001357,114.66994900001737,0.00493300000380259,core 5 cpu_frequency,0.001965307201514952
114.66994900001737,114.97091300001193,0.3009639999945648,core 5 cpu_idle,0.0023261387173979914
114.97091300001193,114.97121300001163,0.00029999999969732016,core 5 cpu_frequency,0.00011951999987941236
114.97121300001163,115.51342200001818,0.5422090000065509,core 5 cpu_idle,0.004190711672690631
115.51342200001818,115.51453400001628,0.0011119999981019646,core 5 cpu_frequency,0.00044302079924382273
115.51453400001628,116.04285300000629,0.528318999990006,core 5 cpu_idle,0.004083356418162756
116.04285300000629,116.04364900001383,0.0007960000075399876,core 5 cpu_frequency,0.00031712640300393105
116.04364900001383,116.28483300001244,0.2411839999986114,core 5 cpu_idle,0.0018641014886292674
116.28483300001244,116.28876100001798,0.003928000005544163,core 5 cpu_frequency,0.0015649152022087947
116.28876100001798,116.80558200001542,0.5168209999974351,core 5 cpu_idle,0.003994488836140176
116.80558200001542,116.80639100002008,0.0008090000046649948,core 5 cpu_frequency,0.00032230560185853393
116.80639100002008,117.2885620000161,0.48217099999601487,core 5 cpu_idle,0.0037266803721291986
117.2885620000161,117.28870800000732,0.00014599999121855944,core 5 cpu_frequency,5.816639650147409e-05
117.28870800000732,117.33420000001206,0.045492000004742295,core 5 cpu_idle,0.00035160584835665294
117.33420000001206,117.33446300000651,0.0002629999944474548,core 5 cpu_frequency,0.00010477919778786601
117.33446300000651,117.61297900001227,0.2785160000057658,core 5 cpu_idle,0.0021526390234045635
117.61297900001227,117.61300800001482,2.9000002541579306e-05,core 5 cpu_frequency,8.318592729046941e-06
117.61300800001482,118.17244700001902,0.559439000004204,core 5 cpu_idle,0.004323881653472492
118.17244700001902,118.17251000001852,6.299999949987978e-05,core 5 cpu_frequency,2.5099199800752106e-05
118.17251000001852,118.38529300001392,0.2127829999953974,core 5 cpu_idle,0.0016445912956444266
118.38529300001392,118.38542500001495,0.0001320000010309741,core 5 cpu_frequency,5.258880041074008e-05
118.38542500001495,118.42029400001047,0.034868999995524064,core 5 cpu_idle,0.00026950110620540564
118.42029400001047,118.42070900001272,0.000415000002249144,core 5 cpu_frequency,0.000165336000896059
118.42070900001272,118.60913200001232,0.18842299999960233,core 5 cpu_idle,0.0014563138300769261
118.60913200001232,118.6094640000083,0.0003319999959785491,core 5 cpu_frequency,0.000132268798397854
118.6094640000083,118.91508800000884,0.3056240000005346,core 5 cpu_idle,0.0023621556710441316
118.91508800000884,118.91565500001889,0.0005670000100508332,core 5 cpu_frequency,0.0001626428188830614
118.91565500001889,119.49900200001139,0.5833469999925001,core 5 cpu_idle,0.004508665629062033
119.49900200001139,119.50929700001143,0.01029500000004191,core 5 cpu_frequency,0.0029531001600120216
119.50929700001143,119.76000100001693,0.25070400000549853,core 5 cpu_idle,0.0019376811878824977
119.76000100001693,119.76004500001727,4.400000034365803e-05,core 5 cpu_frequency,1.752960013691336e-05
119.76004500001727,119.99546600000758,0.23542099999031052,core 5 cpu_idle,0.0018195594920851102
119.99546600000758,119.99817500001518,0.002709000007598661,core 5 cpu_frequency,0.0010792656030273065
119.99817500001518,120.58814200000779,0.5899669999926118,core 5 cpu_idle,0.004559831344262896
120.58814200000779,120.59326600001077,0.005124000002979301,core 5 cpu_frequency,0.0014698091528546064
120.59326600001077,121.00666500000807,0.41339899999729823,core 5 cpu_idle,0.003195144335019118
121.00666500000807,121.01034700001765,0.0036820000095758587,core 5 cpu_frequency,0.0014669088038150222
121.01034700001765,121.4044230000145,0.3940759999968577,core 5 cpu_idle,0.003045797640935713
121.4044230000145,121.41053400000965,0.006110999995144084,core 5 cpu_frequency,0.002434622398065403
121.41053400000965,122.40416900001583,0.9936350000061793,core 5 cpu_idle,0.007679765169647759
122.40416900001583,122.40424500001245,7.599999662488699e-05,core 5 cpu_frequency,3.0278398655354977e-05
122.40424500001245,122.7292720000114,0.3250269999989541,core 5 cpu_idle,0.0025121206819119163
122.7292720000114,122.72949600001448,0.00022400000307243317,core 5 cpu_frequency,6.425395288132132e-05
122.72949600001448,123.21998000000895,0.490483999994467,core 5 cpu_idle,0.0037909312165972354
123.21998000000895,123.22004400001606,6.400000711437315e-05,core 5 cpu_frequency,2.5497602834366264e-05
123.22004400001606,123.7714060000144,0.5513619999983348,core 5 cpu_idle,0.004261454843507129
123.7714060000144,123.77267300001404,0.0012669999996433035,core 5 cpu_frequency,0.0005047727998578922
123.77267300001404,124.27567300001101,0.5029999999969732,core 5 cpu_idle,0.0038876668799766056
124.27567300001101,124.27572500001406,5.200000305194408e-05,core 5 cpu_frequency,2.0716801215894523e-05
124.27572500001406,124.586478000012,0.3107529999979306,core 5 cpu_idle,0.0024017975068640054
124.586478000012,124.58654500001285,6.70000008540228e-05,core 5 cpu_frequency,2.6692800340242686e-05
124.58654500001285,124.85230400001456,0.26575900000170805,core 5 cpu_idle,0.0020540406806532014
124.85230400001456,124.85396300001594,0.0016590000013820827,core 5 cpu_frequency,0.00047588083239644765
124.85396300001594,125.3404370000062,0.48647399999026675,core 5 cpu_idle,0.0037599380869647718
125.3404370000062,125.34877600001346,0.008339000007254072,core 5 cpu_frequency,0.0033222576028900225
125.34877600001346,125.64218000000983,0.29340399999637157,core 5 cpu_idle,0.0022677077798119558
125.64218000000983,125.64244300001883,0.00026300000899937004,core 5 cpu_frequency,0.00010477920358534903
125.64244300001883,125.90932100001373,0.2668779999949038,core 5 cpu_idle,0.0020626893868406116
125.90932100001373,125.909530000019,0.00020900000527035445,core 5 cpu_frequency,5.328998534381389e-05
125.909530000019,126.65043700001843,0.7409069999994244,core 5 cpu_idle,0.0057264405667155505
126.65043700001843,126.65109400001529,0.0006569999968633056,core 5 cpu_frequency,0.00018845913510024548
126.65109400001529,126.92881000001216,0.2777159999968717,core 5 cpu_idle,0.002146455855335821
126.92881000001216,126.9300320000184,0.0012220000062370673,core 5 cpu_frequency,0.0004868448024848476
126.9300320000184,127.24120700001367,0.31117499999527354,core 5 cpu_idle,0.002405059127963469
127.24120700001367,127.24168900001678,0.0004820000031031668,core 5 cpu_frequency,0.00019202880123630168
127.24168900001678,127.42617700001574,0.18448799999896437,core 5 cpu_idle,0.0014259003724719954
127.42617700001574,127.44044300001406,0.014265999998315237,core 5 cpu_frequency,0.005683574399328791
127.44044300001406,128.03657100001874,0.5961280000046827,core 5 cpu_idle,0.004607449466916192
128.03657100001874,128.0366450000147,7.399999594781548e-05,core 5 cpu_frequency,2.948159838560969e-05
128.0366450000147,128.5760430000082,0.5393979999935254,core 5 cpu_idle,0.004168985566029958
128.5760430000082,128.57638800001587,0.00034500000765547156,core 5 cpu_frequency,0.0001374480030499399
128.57638800001587,128.82548200001474,0.24909399999887682,core 5 cpu_idle,0.0019252375622313188
128.82548200001474,128.8257830000075,0.0003009999927598983,core 5 cpu_frequency,0.00011991839711554349
128.8257830000075,129.61825300000783,0.7924700000003213,core 5 cpu_idle,0.006124968931202483
129.61825300000783,129.61932000001252,0.0010670000046957284,core 5 cpu_frequency,0.00042509280187077823
129.61932000001252,129.88423400001193,0.2649139999994077,core 5 cpu_idle,0.0020475097094354217
129.88423400001193,129.88430800000788,7.399999594781548e-05,core 5 cpu_frequency,2.948159838560969e-05
129.88430800000788,130.388821000015,0.5045130000071367,core 5 cpu_idle,0.003899360796535159
130.388821000015,130.3889710000076,0.00014999999257270247,core 5 cpu_frequency,5.975999704096467e-05
130.3889710000076,130.67090600001393,0.2819350000063423,core 5 cpu_idle,0.002179064337649019
130.67090600001393,130.67169900001318,0.0007929999992484227,core 5 cpu_frequency,0.0003159311997005716
130.67169900001318,130.97292600001674,0.30122700000356417,core 5 cpu_idle,0.002328171433947547
130.97292600001674,130.97919500000717,0.006268999990425073,core 5 cpu_frequency,0.002497569596185349
130.97919500000717,131.234804000007,0.2556089999998221,core 5 cpu_idle,0.0019755917366386247
131.234804000007,131.2348600000114,5.60000044060871e-05,core 5 cpu_frequency,2.2310401755385102e-05
131.2348600000114,131.43282000001636,0.1979600000049686,core 5 cpu_idle,0.001530024921638402
131.43282000001636,131.43365800000902,0.0008379999926546589,core 5 cpu_frequency,0.0003338591970736161
131.43365800000902,131.77200800001447,0.33835000000544824,core 5 cpu_idle,0.002615093616042109
131.77200800001447,131.77248300000792,0.0004749999934574589,core 5 cpu_frequency,0.00018923999739345164
131.77248300000792,132.03015400000731,0.2576709999993909,core 5 cpu_idle,0.0019915288521552923
132.03015400000731,132.03060400001414,0.00045000000682193786,core 5 cpu_frequency,0.00017928000271786007
132.03060400001414,132.54433500001323,0.5137309999990975,core 5 cpu_idle,0.003970606349753025
132.54433500001323,132.5462550000084,0.001919999995152466,core 5 cpu_frequency,0.0007649279980687426
0.0,101.8789320000069,101.8789320000069,core 6 cpu_idle start,0.7874181902707732
0.0,101.87282100001175,101.87282100001175,core 7 cpu_idle start,0.7873709585962507
